"Industry","Date","value","IndustryName"
"90919120",1939-01-01,315.9,"U.S. Postal Service"
"90919120",1939-02-01,315.3,"U.S. Postal Service"
"90919120",1939-03-01,314,"U.S. Postal Service"
"90919120",1939-04-01,316.8,"U.S. Postal Service"
"90919120",1939-05-01,315.3,"U.S. Postal Service"
"90919120",1939-06-01,317.2,"U.S. Postal Service"
"90919120",1939-07-01,319.5,"U.S. Postal Service"
"90919120",1939-08-01,319.8,"U.S. Postal Service"
"90919120",1939-09-01,320.5,"U.S. Postal Service"
"90919120",1939-10-01,320.7,"U.S. Postal Service"
"90919120",1939-11-01,318.9,"U.S. Postal Service"
"90919120",1939-12-01,349.9,"U.S. Postal Service"
"90919120",1940-01-01,319.6,"U.S. Postal Service"
"90919120",1940-02-01,322.3,"U.S. Postal Service"
"90919120",1940-03-01,323,"U.S. Postal Service"
"90919120",1940-04-01,321.9,"U.S. Postal Service"
"90919120",1940-05-01,324.5,"U.S. Postal Service"
"90919120",1940-06-01,326.7,"U.S. Postal Service"
"90919120",1940-07-01,325.8,"U.S. Postal Service"
"90919120",1940-08-01,327,"U.S. Postal Service"
"90919120",1940-09-01,327.8,"U.S. Postal Service"
"90919120",1940-10-01,327.7,"U.S. Postal Service"
"90919120",1940-11-01,327.6,"U.S. Postal Service"
"90919120",1940-12-01,365.8,"U.S. Postal Service"
"90919120",1941-01-01,329.4,"U.S. Postal Service"
"90919120",1941-02-01,330.2,"U.S. Postal Service"
"90919120",1941-03-01,331.9,"U.S. Postal Service"
"90919120",1941-04-01,334.2,"U.S. Postal Service"
"90919120",1941-05-01,335.7,"U.S. Postal Service"
"90919120",1941-06-01,338.5,"U.S. Postal Service"
"90919120",1941-07-01,339.3,"U.S. Postal Service"
"90919120",1941-08-01,340.4,"U.S. Postal Service"
"90919120",1941-09-01,341.4,"U.S. Postal Service"
"90919120",1941-10-01,339.6,"U.S. Postal Service"
"90919120",1941-11-01,341.1,"U.S. Postal Service"
"90919120",1941-12-01,377.6,"U.S. Postal Service"
"90919120",1942-01-01,344.4,"U.S. Postal Service"
"90919120",1942-02-01,342.3,"U.S. Postal Service"
"90919120",1942-03-01,344,"U.S. Postal Service"
"90919120",1942-04-01,342,"U.S. Postal Service"
"90919120",1942-05-01,344,"U.S. Postal Service"
"90919120",1942-06-01,342.4,"U.S. Postal Service"
"90919120",1942-07-01,341.6,"U.S. Postal Service"
"90919120",1942-08-01,340.7,"U.S. Postal Service"
"90919120",1942-09-01,339.9,"U.S. Postal Service"
"90919120",1942-10-01,340.3,"U.S. Postal Service"
"90919120",1942-11-01,346.5,"U.S. Postal Service"
"90919120",1942-12-01,405,"U.S. Postal Service"
"90919120",1943-01-01,345.6,"U.S. Postal Service"
"90919120",1943-02-01,344.2,"U.S. Postal Service"
"90919120",1943-03-01,343.9,"U.S. Postal Service"
"90919120",1943-04-01,338.4,"U.S. Postal Service"
"90919120",1943-05-01,339.8,"U.S. Postal Service"
"90919120",1943-06-01,343.9,"U.S. Postal Service"
"90919120",1943-07-01,343.9,"U.S. Postal Service"
"90919120",1943-08-01,351.1,"U.S. Postal Service"
"90919120",1943-09-01,355.6,"U.S. Postal Service"
"90919120",1943-10-01,366.3,"U.S. Postal Service"
"90919120",1943-11-01,370,"U.S. Postal Service"
"90919120",1943-12-01,563.6,"U.S. Postal Service"
"90919120",1944-01-01,369.4,"U.S. Postal Service"
"90919120",1944-02-01,371.7,"U.S. Postal Service"
"90919120",1944-03-01,371.2,"U.S. Postal Service"
"90919120",1944-04-01,375.9,"U.S. Postal Service"
"90919120",1944-05-01,374.2,"U.S. Postal Service"
"90919120",1944-06-01,380.5,"U.S. Postal Service"
"90919120",1944-07-01,387.2,"U.S. Postal Service"
"90919120",1944-08-01,392.8,"U.S. Postal Service"
"90919120",1944-09-01,396.7,"U.S. Postal Service"
"90919120",1944-10-01,401.5,"U.S. Postal Service"
"90919120",1944-11-01,404.9,"U.S. Postal Service"
"90919120",1944-12-01,647.7,"U.S. Postal Service"
"90919120",1945-01-01,407.8,"U.S. Postal Service"
"90919120",1945-02-01,411.3,"U.S. Postal Service"
"90919120",1945-03-01,414.7,"U.S. Postal Service"
"90919120",1945-04-01,417.1,"U.S. Postal Service"
"90919120",1945-05-01,419.4,"U.S. Postal Service"
"90919120",1945-06-01,421.5,"U.S. Postal Service"
"90919120",1945-07-01,425.4,"U.S. Postal Service"
"90919120",1945-08-01,427.5,"U.S. Postal Service"
"90919120",1945-09-01,429.7,"U.S. Postal Service"
"90919120",1945-10-01,431.9,"U.S. Postal Service"
"90919120",1945-11-01,433.1,"U.S. Postal Service"
"90919120",1945-12-01,623.3,"U.S. Postal Service"
"90919120",1946-01-01,442.2,"U.S. Postal Service"
"90919120",1946-02-01,447.9,"U.S. Postal Service"
"90919120",1946-03-01,451.8,"U.S. Postal Service"
"90919120",1946-04-01,457.4,"U.S. Postal Service"
"90919120",1946-05-01,458.3,"U.S. Postal Service"
"90919120",1946-06-01,458.9,"U.S. Postal Service"
"90919120",1946-07-01,456.5,"U.S. Postal Service"
"90919120",1946-08-01,455.1,"U.S. Postal Service"
"90919120",1946-09-01,453.6,"U.S. Postal Service"
"90919120",1946-10-01,451.5,"U.S. Postal Service"
"90919120",1946-11-01,447.4,"U.S. Postal Service"
"90919120",1946-12-01,679.2,"U.S. Postal Service"
"90919120",1947-01-01,447.8,"U.S. Postal Service"
"90919120",1947-02-01,448,"U.S. Postal Service"
"90919120",1947-03-01,449.4,"U.S. Postal Service"
"90919120",1947-04-01,449.8,"U.S. Postal Service"
"90919120",1947-05-01,451.4,"U.S. Postal Service"
"90919120",1947-06-01,448.8,"U.S. Postal Service"
"90919120",1947-07-01,446.5,"U.S. Postal Service"
"90919120",1947-08-01,445.4,"U.S. Postal Service"
"90919120",1947-09-01,447,"U.S. Postal Service"
"90919120",1947-10-01,451.1,"U.S. Postal Service"
"90919120",1947-11-01,453.4,"U.S. Postal Service"
"90919120",1947-12-01,696.9,"U.S. Postal Service"
"90919120",1948-01-01,454.9,"U.S. Postal Service"
"90919120",1948-02-01,460.1,"U.S. Postal Service"
"90919120",1948-03-01,466.3,"U.S. Postal Service"
"90919120",1948-04-01,466.8,"U.S. Postal Service"
"90919120",1948-05-01,468.2,"U.S. Postal Service"
"90919120",1948-06-01,477.7,"U.S. Postal Service"
"90919120",1948-07-01,479,"U.S. Postal Service"
"90919120",1948-08-01,483.2,"U.S. Postal Service"
"90919120",1948-09-01,485.9,"U.S. Postal Service"
"90919120",1948-10-01,482.1,"U.S. Postal Service"
"90919120",1948-11-01,491.3,"U.S. Postal Service"
"90919120",1948-12-01,744.6,"U.S. Postal Service"
"90919120",1949-01-01,497.4,"U.S. Postal Service"
"90919120",1949-02-01,496.2,"U.S. Postal Service"
"90919120",1949-03-01,496.4,"U.S. Postal Service"
"90919120",1949-04-01,497.3,"U.S. Postal Service"
"90919120",1949-05-01,502.4,"U.S. Postal Service"
"90919120",1949-06-01,505,"U.S. Postal Service"
"90919120",1949-07-01,507.6,"U.S. Postal Service"
"90919120",1949-08-01,508.8,"U.S. Postal Service"
"90919120",1949-09-01,508.4,"U.S. Postal Service"
"90919120",1949-10-01,506.9,"U.S. Postal Service"
"90919120",1949-11-01,505,"U.S. Postal Service"
"90919120",1949-12-01,778.4,"U.S. Postal Service"
"90919120",1950-01-01,502,"U.S. Postal Service"
"90919120",1950-02-01,501.2,"U.S. Postal Service"
"90919120",1950-03-01,500.2,"U.S. Postal Service"
"90919120",1950-04-01,496.5,"U.S. Postal Service"
"90919120",1950-05-01,493.7,"U.S. Postal Service"
"90919120",1950-06-01,487.8,"U.S. Postal Service"
"90919120",1950-07-01,482.8,"U.S. Postal Service"
"90919120",1950-08-01,482.4,"U.S. Postal Service"
"90919120",1950-09-01,482.5,"U.S. Postal Service"
"90919120",1950-10-01,481.6,"U.S. Postal Service"
"90919120",1950-11-01,484.9,"U.S. Postal Service"
"90919120",1950-12-01,782.3,"U.S. Postal Service"
"90919120",1951-01-01,484.8,"U.S. Postal Service"
"90919120",1951-02-01,485.5,"U.S. Postal Service"
"90919120",1951-03-01,484.8,"U.S. Postal Service"
"90919120",1951-04-01,487.2,"U.S. Postal Service"
"90919120",1951-05-01,487.5,"U.S. Postal Service"
"90919120",1951-06-01,485.4,"U.S. Postal Service"
"90919120",1951-07-01,491.7,"U.S. Postal Service"
"90919120",1951-08-01,493.5,"U.S. Postal Service"
"90919120",1951-09-01,494.4,"U.S. Postal Service"
"90919120",1951-10-01,495.9,"U.S. Postal Service"
"90919120",1951-11-01,499.6,"U.S. Postal Service"
"90919120",1951-12-01,846.7,"U.S. Postal Service"
"90919120",1952-01-01,501.4,"U.S. Postal Service"
"90919120",1952-02-01,505.5,"U.S. Postal Service"
"90919120",1952-03-01,507,"U.S. Postal Service"
"90919120",1952-04-01,507.2,"U.S. Postal Service"
"90919120",1952-05-01,509.4,"U.S. Postal Service"
"90919120",1952-06-01,510.7,"U.S. Postal Service"
"90919120",1952-07-01,512.3,"U.S. Postal Service"
"90919120",1952-08-01,513.3,"U.S. Postal Service"
"90919120",1952-09-01,514.8,"U.S. Postal Service"
"90919120",1952-10-01,516.1,"U.S. Postal Service"
"90919120",1952-11-01,511.8,"U.S. Postal Service"
"90919120",1952-12-01,875.9,"U.S. Postal Service"
"90919120",1953-01-01,508.9,"U.S. Postal Service"
"90919120",1953-02-01,509.5,"U.S. Postal Service"
"90919120",1953-03-01,511.8,"U.S. Postal Service"
"90919120",1953-04-01,512.2,"U.S. Postal Service"
"90919120",1953-05-01,513.8,"U.S. Postal Service"
"90919120",1953-06-01,509.2,"U.S. Postal Service"
"90919120",1953-07-01,504.1,"U.S. Postal Service"
"90919120",1953-08-01,501.3,"U.S. Postal Service"
"90919120",1953-09-01,505.1,"U.S. Postal Service"
"90919120",1953-10-01,506.2,"U.S. Postal Service"
"90919120",1953-11-01,507.5,"U.S. Postal Service"
"90919120",1953-12-01,759.9,"U.S. Postal Service"
"90919120",1954-01-01,510.2,"U.S. Postal Service"
"90919120",1954-02-01,507.7,"U.S. Postal Service"
"90919120",1954-03-01,507,"U.S. Postal Service"
"90919120",1954-04-01,507.6,"U.S. Postal Service"
"90919120",1954-05-01,509.1,"U.S. Postal Service"
"90919120",1954-06-01,509.6,"U.S. Postal Service"
"90919120",1954-07-01,513,"U.S. Postal Service"
"90919120",1954-08-01,511.8,"U.S. Postal Service"
"90919120",1954-09-01,511,"U.S. Postal Service"
"90919120",1954-10-01,509.6,"U.S. Postal Service"
"90919120",1954-11-01,509,"U.S. Postal Service"
"90919120",1954-12-01,774.8,"U.S. Postal Service"
"90919120",1955-01-01,510.1,"U.S. Postal Service"
"90919120",1955-02-01,509.1,"U.S. Postal Service"
"90919120",1955-03-01,508.6,"U.S. Postal Service"
"90919120",1955-04-01,510.2,"U.S. Postal Service"
"90919120",1955-05-01,511.1,"U.S. Postal Service"
"90919120",1955-06-01,514.3,"U.S. Postal Service"
"90919120",1955-07-01,516.1,"U.S. Postal Service"
"90919120",1955-08-01,516,"U.S. Postal Service"
"90919120",1955-09-01,513.6,"U.S. Postal Service"
"90919120",1955-10-01,513.6,"U.S. Postal Service"
"90919120",1955-11-01,511.3,"U.S. Postal Service"
"90919120",1955-12-01,757.5,"U.S. Postal Service"
"90919120",1956-01-01,513.7,"U.S. Postal Service"
"90919120",1956-02-01,516.1,"U.S. Postal Service"
"90919120",1956-03-01,516.2,"U.S. Postal Service"
"90919120",1956-04-01,515.7,"U.S. Postal Service"
"90919120",1956-05-01,517.9,"U.S. Postal Service"
"90919120",1956-06-01,511.4,"U.S. Postal Service"
"90919120",1956-07-01,515.5,"U.S. Postal Service"
"90919120",1956-08-01,515.1,"U.S. Postal Service"
"90919120",1956-09-01,518.6,"U.S. Postal Service"
"90919120",1956-10-01,520.9,"U.S. Postal Service"
"90919120",1956-11-01,521.6,"U.S. Postal Service"
"90919120",1956-12-01,771.4,"U.S. Postal Service"
"90919120",1957-01-01,524.2,"U.S. Postal Service"
"90919120",1957-02-01,526.1,"U.S. Postal Service"
"90919120",1957-03-01,529.3,"U.S. Postal Service"
"90919120",1957-04-01,529.1,"U.S. Postal Service"
"90919120",1957-05-01,531,"U.S. Postal Service"
"90919120",1957-06-01,524.4,"U.S. Postal Service"
"90919120",1957-07-01,526.6,"U.S. Postal Service"
"90919120",1957-08-01,526.7,"U.S. Postal Service"
"90919120",1957-09-01,530.4,"U.S. Postal Service"
"90919120",1957-10-01,533.1,"U.S. Postal Service"
"90919120",1957-11-01,536.2,"U.S. Postal Service"
"90919120",1957-12-01,828.3,"U.S. Postal Service"
"90919120",1958-01-01,538.5,"U.S. Postal Service"
"90919120",1958-02-01,539.3,"U.S. Postal Service"
"90919120",1958-03-01,539.1,"U.S. Postal Service"
"90919120",1958-04-01,538.6,"U.S. Postal Service"
"90919120",1958-05-01,537.4,"U.S. Postal Service"
"90919120",1958-06-01,541.7,"U.S. Postal Service"
"90919120",1958-07-01,543.7,"U.S. Postal Service"
"90919120",1958-08-01,545.7,"U.S. Postal Service"
"90919120",1958-09-01,545.3,"U.S. Postal Service"
"90919120",1958-10-01,545.1,"U.S. Postal Service"
"90919120",1958-11-01,544.7,"U.S. Postal Service"
"90919120",1958-12-01,825.1,"U.S. Postal Service"
"90919120",1959-01-01,547.9,"U.S. Postal Service"
"90919120",1959-02-01,548.3,"U.S. Postal Service"
"90919120",1959-03-01,551,"U.S. Postal Service"
"90919120",1959-04-01,551.8,"U.S. Postal Service"
"90919120",1959-05-01,553.8,"U.S. Postal Service"
"90919120",1959-06-01,554.4,"U.S. Postal Service"
"90919120",1959-07-01,555,"U.S. Postal Service"
"90919120",1959-08-01,556.1,"U.S. Postal Service"
"90919120",1959-09-01,557.9,"U.S. Postal Service"
"90919120",1959-10-01,559.2,"U.S. Postal Service"
"90919120",1959-11-01,561,"U.S. Postal Service"
"90919120",1959-12-01,829.6,"U.S. Postal Service"
"90919120",1960-01-01,562.4,"U.S. Postal Service"
"90919120",1960-02-01,563.3,"U.S. Postal Service"
"90919120",1960-03-01,563.1,"U.S. Postal Service"
"90919120",1960-04-01,563.9,"U.S. Postal Service"
"90919120",1960-05-01,564.5,"U.S. Postal Service"
"90919120",1960-06-01,567.1,"U.S. Postal Service"
"90919120",1960-07-01,569.9,"U.S. Postal Service"
"90919120",1960-08-01,570.7,"U.S. Postal Service"
"90919120",1960-09-01,573.2,"U.S. Postal Service"
"90919120",1960-10-01,573.2,"U.S. Postal Service"
"90919120",1960-11-01,573.8,"U.S. Postal Service"
"90919120",1960-12-01,829.9,"U.S. Postal Service"
"90919120",1961-01-01,574.9,"U.S. Postal Service"
"90919120",1961-02-01,575.6,"U.S. Postal Service"
"90919120",1961-03-01,578.1,"U.S. Postal Service"
"90919120",1961-04-01,581.7,"U.S. Postal Service"
"90919120",1961-05-01,583.3,"U.S. Postal Service"
"90919120",1961-06-01,586.3,"U.S. Postal Service"
"90919120",1961-07-01,589.5,"U.S. Postal Service"
"90919120",1961-08-01,589.2,"U.S. Postal Service"
"90919120",1961-09-01,590,"U.S. Postal Service"
"90919120",1961-10-01,585.9,"U.S. Postal Service"
"90919120",1961-11-01,587.9,"U.S. Postal Service"
"90919120",1961-12-01,777.4,"U.S. Postal Service"
"90919120",1962-01-01,587.5,"U.S. Postal Service"
"90919120",1962-02-01,588.6,"U.S. Postal Service"
"90919120",1962-03-01,589.1,"U.S. Postal Service"
"90919120",1962-04-01,589.3,"U.S. Postal Service"
"90919120",1962-05-01,591.6,"U.S. Postal Service"
"90919120",1962-06-01,592,"U.S. Postal Service"
"90919120",1962-07-01,592.5,"U.S. Postal Service"
"90919120",1962-08-01,591.3,"U.S. Postal Service"
"90919120",1962-09-01,593.6,"U.S. Postal Service"
"90919120",1962-10-01,591,"U.S. Postal Service"
"90919120",1962-11-01,590.2,"U.S. Postal Service"
"90919120",1962-12-01,713.1,"U.S. Postal Service"
"90919120",1963-01-01,591.1,"U.S. Postal Service"
"90919120",1963-02-01,591.2,"U.S. Postal Service"
"90919120",1963-03-01,592.5,"U.S. Postal Service"
"90919120",1963-04-01,592,"U.S. Postal Service"
"90919120",1963-05-01,591.8,"U.S. Postal Service"
"90919120",1963-06-01,590.4,"U.S. Postal Service"
"90919120",1963-07-01,591.1,"U.S. Postal Service"
"90919120",1963-08-01,590.6,"U.S. Postal Service"
"90919120",1963-09-01,593.7,"U.S. Postal Service"
"90919120",1963-10-01,596,"U.S. Postal Service"
"90919120",1963-11-01,595.8,"U.S. Postal Service"
"90919120",1963-12-01,708.4,"U.S. Postal Service"
"90919120",1964-01-01,596.8,"U.S. Postal Service"
"90919120",1964-02-01,596.5,"U.S. Postal Service"
"90919120",1964-03-01,596.3,"U.S. Postal Service"
"90919120",1964-04-01,595.2,"U.S. Postal Service"
"90919120",1964-05-01,594,"U.S. Postal Service"
"90919120",1964-06-01,588.1,"U.S. Postal Service"
"90919120",1964-07-01,588.6,"U.S. Postal Service"
"90919120",1964-08-01,593.2,"U.S. Postal Service"
"90919120",1964-09-01,591.4,"U.S. Postal Service"
"90919120",1964-10-01,599.7,"U.S. Postal Service"
"90919120",1964-11-01,598.8,"U.S. Postal Service"
"90919120",1964-12-01,704.9,"U.S. Postal Service"
"90919120",1965-01-01,601.1,"U.S. Postal Service"
"90919120",1965-02-01,600.9,"U.S. Postal Service"
"90919120",1965-03-01,603,"U.S. Postal Service"
"90919120",1965-04-01,603.5,"U.S. Postal Service"
"90919120",1965-05-01,603.5,"U.S. Postal Service"
"90919120",1965-06-01,597.7,"U.S. Postal Service"
"90919120",1965-07-01,605.6,"U.S. Postal Service"
"90919120",1965-08-01,609.3,"U.S. Postal Service"
"90919120",1965-09-01,612.5,"U.S. Postal Service"
"90919120",1965-10-01,616.8,"U.S. Postal Service"
"90919120",1965-11-01,621.1,"U.S. Postal Service"
"90919120",1965-12-01,740.2,"U.S. Postal Service"
"90919120",1966-01-01,633,"U.S. Postal Service"
"90919120",1966-02-01,644.5,"U.S. Postal Service"
"90919120",1966-03-01,651.7,"U.S. Postal Service"
"90919120",1966-04-01,662.6,"U.S. Postal Service"
"90919120",1966-05-01,670.4,"U.S. Postal Service"
"90919120",1966-06-01,676.7,"U.S. Postal Service"
"90919120",1966-07-01,683.8,"U.S. Postal Service"
"90919120",1966-08-01,689.1,"U.S. Postal Service"
"90919120",1966-09-01,693.6,"U.S. Postal Service"
"90919120",1966-10-01,700.4,"U.S. Postal Service"
"90919120",1966-11-01,711,"U.S. Postal Service"
"90919120",1966-12-01,804.3,"U.S. Postal Service"
"90919120",1967-01-01,706.8,"U.S. Postal Service"
"90919120",1967-02-01,702.4,"U.S. Postal Service"
"90919120",1967-03-01,706.6,"U.S. Postal Service"
"90919120",1967-04-01,707.7,"U.S. Postal Service"
"90919120",1967-05-01,708.5,"U.S. Postal Service"
"90919120",1967-06-01,716.5,"U.S. Postal Service"
"90919120",1967-07-01,713.3,"U.S. Postal Service"
"90919120",1967-08-01,714,"U.S. Postal Service"
"90919120",1967-09-01,713.7,"U.S. Postal Service"
"90919120",1967-10-01,714.7,"U.S. Postal Service"
"90919120",1967-11-01,714.5,"U.S. Postal Service"
"90919120",1967-12-01,802.1,"U.S. Postal Service"
"90919120",1968-01-01,723.7,"U.S. Postal Service"
"90919120",1968-02-01,720.1,"U.S. Postal Service"
"90919120",1968-03-01,720.4,"U.S. Postal Service"
"90919120",1968-04-01,720.3,"U.S. Postal Service"
"90919120",1968-05-01,718.9,"U.S. Postal Service"
"90919120",1968-06-01,730,"U.S. Postal Service"
"90919120",1968-07-01,733.2,"U.S. Postal Service"
"90919120",1968-08-01,730.2,"U.S. Postal Service"
"90919120",1968-09-01,725.5,"U.S. Postal Service"
"90919120",1968-10-01,724.5,"U.S. Postal Service"
"90919120",1968-11-01,729.1,"U.S. Postal Service"
"90919120",1968-12-01,765.5,"U.S. Postal Service"
"90919120",1969-01-01,728.4,"U.S. Postal Service"
"90919120",1969-02-01,730.8,"U.S. Postal Service"
"90919120",1969-03-01,730.9,"U.S. Postal Service"
"90919120",1969-04-01,731.1,"U.S. Postal Service"
"90919120",1969-05-01,732.8,"U.S. Postal Service"
"90919120",1969-06-01,737.6,"U.S. Postal Service"
"90919120",1969-07-01,739.3,"U.S. Postal Service"
"90919120",1969-08-01,740.6,"U.S. Postal Service"
"90919120",1969-09-01,739.9,"U.S. Postal Service"
"90919120",1969-10-01,739.7,"U.S. Postal Service"
"90919120",1969-11-01,734.5,"U.S. Postal Service"
"90919120",1969-12-01,764.8,"U.S. Postal Service"
"90919120",1970-01-01,735.1,"U.S. Postal Service"
"90919120",1970-02-01,735.9,"U.S. Postal Service"
"90919120",1970-03-01,735.9,"U.S. Postal Service"
"90919120",1970-04-01,736.2,"U.S. Postal Service"
"90919120",1970-05-01,736.7,"U.S. Postal Service"
"90919120",1970-06-01,739.8,"U.S. Postal Service"
"90919120",1970-07-01,743.6,"U.S. Postal Service"
"90919120",1970-08-01,740.4,"U.S. Postal Service"
"90919120",1970-09-01,743.3,"U.S. Postal Service"
"90919120",1970-10-01,743,"U.S. Postal Service"
"90919120",1970-11-01,745,"U.S. Postal Service"
"90919120",1970-12-01,759.9,"U.S. Postal Service"
"90919120",1971-01-01,741.1,"U.S. Postal Service"
"90919120",1971-02-01,738.9,"U.S. Postal Service"
"90919120",1971-03-01,738.1,"U.S. Postal Service"
"90919120",1971-04-01,736.2,"U.S. Postal Service"
"90919120",1971-05-01,734,"U.S. Postal Service"
"90919120",1971-06-01,728,"U.S. Postal Service"
"90919120",1971-07-01,728.4,"U.S. Postal Service"
"90919120",1971-08-01,729.1,"U.S. Postal Service"
"90919120",1971-09-01,728.2,"U.S. Postal Service"
"90919120",1971-10-01,728,"U.S. Postal Service"
"90919120",1971-11-01,725.2,"U.S. Postal Service"
"90919120",1971-12-01,723.7,"U.S. Postal Service"
"90919120",1972-01-01,725.3,"U.S. Postal Service"
"90919120",1972-02-01,723.2,"U.S. Postal Service"
"90919120",1972-03-01,723.2,"U.S. Postal Service"
"90919120",1972-04-01,720.8,"U.S. Postal Service"
"90919120",1972-05-01,715.4,"U.S. Postal Service"
"90919120",1972-06-01,706,"U.S. Postal Service"
"90919120",1972-07-01,686.1,"U.S. Postal Service"
"90919120",1972-08-01,686.6,"U.S. Postal Service"
"90919120",1972-09-01,688.3,"U.S. Postal Service"
"90919120",1972-10-01,686.3,"U.S. Postal Service"
"90919120",1972-11-01,684,"U.S. Postal Service"
"90919120",1972-12-01,690.8,"U.S. Postal Service"
"90919120",1973-01-01,683,"U.S. Postal Service"
"90919120",1973-02-01,688.3,"U.S. Postal Service"
"90919120",1973-03-01,692.8,"U.S. Postal Service"
"90919120",1973-04-01,691.7,"U.S. Postal Service"
"90919120",1973-05-01,694.4,"U.S. Postal Service"
"90919120",1973-06-01,698.1,"U.S. Postal Service"
"90919120",1973-07-01,692.6,"U.S. Postal Service"
"90919120",1973-08-01,697.1,"U.S. Postal Service"
"90919120",1973-09-01,700.8,"U.S. Postal Service"
"90919120",1973-10-01,703.3,"U.S. Postal Service"
"90919120",1973-11-01,707.8,"U.S. Postal Service"
"90919120",1973-12-01,722.6,"U.S. Postal Service"
"90919120",1974-01-01,712.3,"U.S. Postal Service"
"90919120",1974-02-01,711.6,"U.S. Postal Service"
"90919120",1974-03-01,709.9,"U.S. Postal Service"
"90919120",1974-04-01,709.4,"U.S. Postal Service"
"90919120",1974-05-01,708.7,"U.S. Postal Service"
"90919120",1974-06-01,707.7,"U.S. Postal Service"
"90919120",1974-07-01,708.8,"U.S. Postal Service"
"90919120",1974-08-01,708.5,"U.S. Postal Service"
"90919120",1974-09-01,707.8,"U.S. Postal Service"
"90919120",1974-10-01,709.1,"U.S. Postal Service"
"90919120",1974-11-01,706.8,"U.S. Postal Service"
"90919120",1974-12-01,715.5,"U.S. Postal Service"
"90919120",1975-01-01,707.3,"U.S. Postal Service"
"90919120",1975-02-01,703.6,"U.S. Postal Service"
"90919120",1975-03-01,703,"U.S. Postal Service"
"90919120",1975-04-01,701.8,"U.S. Postal Service"
"90919120",1975-05-01,701.8,"U.S. Postal Service"
"90919120",1975-06-01,700.3,"U.S. Postal Service"
"90919120",1975-07-01,699.8,"U.S. Postal Service"
"90919120",1975-08-01,697.4,"U.S. Postal Service"
"90919120",1975-09-01,697.1,"U.S. Postal Service"
"90919120",1975-10-01,693,"U.S. Postal Service"
"90919120",1975-11-01,693.3,"U.S. Postal Service"
"90919120",1975-12-01,688.4,"U.S. Postal Service"
"90919120",1976-01-01,684.6,"U.S. Postal Service"
"90919120",1976-02-01,685.1,"U.S. Postal Service"
"90919120",1976-03-01,681.9,"U.S. Postal Service"
"90919120",1976-04-01,679.2,"U.S. Postal Service"
"90919120",1976-05-01,678.1,"U.S. Postal Service"
"90919120",1976-06-01,678.2,"U.S. Postal Service"
"90919120",1976-07-01,674.7,"U.S. Postal Service"
"90919120",1976-08-01,673.4,"U.S. Postal Service"
"90919120",1976-09-01,670.1,"U.S. Postal Service"
"90919120",1976-10-01,668.4,"U.S. Postal Service"
"90919120",1976-11-01,672.1,"U.S. Postal Service"
"90919120",1976-12-01,664,"U.S. Postal Service"
"90919120",1977-01-01,656.4,"U.S. Postal Service"
"90919120",1977-02-01,660.3,"U.S. Postal Service"
"90919120",1977-03-01,660.3,"U.S. Postal Service"
"90919120",1977-04-01,658.7,"U.S. Postal Service"
"90919120",1977-05-01,657.4,"U.S. Postal Service"
"90919120",1977-06-01,658.5,"U.S. Postal Service"
"90919120",1977-07-01,658.3,"U.S. Postal Service"
"90919120",1977-08-01,659.2,"U.S. Postal Service"
"90919120",1977-09-01,659,"U.S. Postal Service"
"90919120",1977-10-01,656.8,"U.S. Postal Service"
"90919120",1977-11-01,653.7,"U.S. Postal Service"
"90919120",1977-12-01,645.3,"U.S. Postal Service"
"90919120",1978-01-01,657.3,"U.S. Postal Service"
"90919120",1978-02-01,656.2,"U.S. Postal Service"
"90919120",1978-03-01,657.2,"U.S. Postal Service"
"90919120",1978-04-01,657.5,"U.S. Postal Service"
"90919120",1978-05-01,654.9,"U.S. Postal Service"
"90919120",1978-06-01,651.5,"U.S. Postal Service"
"90919120",1978-07-01,654.8,"U.S. Postal Service"
"90919120",1978-08-01,654.9,"U.S. Postal Service"
"90919120",1978-09-01,658.5,"U.S. Postal Service"
"90919120",1978-10-01,673,"U.S. Postal Service"
"90919120",1978-11-01,673.8,"U.S. Postal Service"
"90919120",1978-12-01,674.2,"U.S. Postal Service"
"90919120",1979-01-01,669.2,"U.S. Postal Service"
"90919120",1979-02-01,670,"U.S. Postal Service"
"90919120",1979-03-01,672.1,"U.S. Postal Service"
"90919120",1979-04-01,677,"U.S. Postal Service"
"90919120",1979-05-01,678.9,"U.S. Postal Service"
"90919120",1979-06-01,679.9,"U.S. Postal Service"
"90919120",1979-07-01,675.2,"U.S. Postal Service"
"90919120",1979-08-01,675.6,"U.S. Postal Service"
"90919120",1979-09-01,672.9,"U.S. Postal Service"
"90919120",1979-10-01,668.2,"U.S. Postal Service"
"90919120",1979-11-01,670.2,"U.S. Postal Service"
"90919120",1979-12-01,671.8,"U.S. Postal Service"
"90919120",1980-01-01,672.3,"U.S. Postal Service"
"90919120",1980-02-01,671.9,"U.S. Postal Service"
"90919120",1980-03-01,671.7,"U.S. Postal Service"
"90919120",1980-04-01,669.7,"U.S. Postal Service"
"90919120",1980-05-01,672.3,"U.S. Postal Service"
"90919120",1980-06-01,672.8,"U.S. Postal Service"
"90919120",1980-07-01,676.8,"U.S. Postal Service"
"90919120",1980-08-01,675.3,"U.S. Postal Service"
"90919120",1980-09-01,675.6,"U.S. Postal Service"
"90919120",1980-10-01,673.7,"U.S. Postal Service"
"90919120",1980-11-01,672.7,"U.S. Postal Service"
"90919120",1980-12-01,669.6,"U.S. Postal Service"
"90919120",1981-01-01,677,"U.S. Postal Service"
"90919120",1981-02-01,671.3,"U.S. Postal Service"
"90919120",1981-03-01,672.6,"U.S. Postal Service"
"90919120",1981-04-01,672.8,"U.S. Postal Service"
"90919120",1981-05-01,672.8,"U.S. Postal Service"
"90919120",1981-06-01,673.3,"U.S. Postal Service"
"90919120",1981-07-01,674.1,"U.S. Postal Service"
"90919120",1981-08-01,675.3,"U.S. Postal Service"
"90919120",1981-09-01,675.2,"U.S. Postal Service"
"90919120",1981-10-01,683.5,"U.S. Postal Service"
"90919120",1981-11-01,676.3,"U.S. Postal Service"
"90919120",1981-12-01,674.5,"U.S. Postal Service"
"90919120",1982-01-01,706.6,"U.S. Postal Service"
"90919120",1982-02-01,682.2,"U.S. Postal Service"
"90919120",1982-03-01,681.2,"U.S. Postal Service"
"90919120",1982-04-01,682.2,"U.S. Postal Service"
"90919120",1982-05-01,680.6,"U.S. Postal Service"
"90919120",1982-06-01,679.7,"U.S. Postal Service"
"90919120",1982-07-01,679.7,"U.S. Postal Service"
"90919120",1982-08-01,680,"U.S. Postal Service"
"90919120",1982-09-01,681.3,"U.S. Postal Service"
"90919120",1982-10-01,685.2,"U.S. Postal Service"
"90919120",1982-11-01,695,"U.S. Postal Service"
"90919120",1982-12-01,677.5,"U.S. Postal Service"
"90919120",1983-01-01,682.6,"U.S. Postal Service"
"90919120",1983-02-01,682.4,"U.S. Postal Service"
"90919120",1983-03-01,681.9,"U.S. Postal Service"
"90919120",1983-04-01,680.3,"U.S. Postal Service"
"90919120",1983-05-01,680.6,"U.S. Postal Service"
"90919120",1983-06-01,680.3,"U.S. Postal Service"
"90919120",1983-07-01,692.4,"U.S. Postal Service"
"90919120",1983-08-01,683.2,"U.S. Postal Service"
"90919120",1983-09-01,685.5,"U.S. Postal Service"
"90919120",1983-10-01,690.2,"U.S. Postal Service"
"90919120",1983-11-01,693.7,"U.S. Postal Service"
"90919120",1983-12-01,688.6,"U.S. Postal Service"
"90919120",1984-01-01,693.3,"U.S. Postal Service"
"90919120",1984-02-01,695.4,"U.S. Postal Service"
"90919120",1984-03-01,697,"U.S. Postal Service"
"90919120",1984-04-01,698.3,"U.S. Postal Service"
"90919120",1984-05-01,701.1,"U.S. Postal Service"
"90919120",1984-06-01,703.7,"U.S. Postal Service"
"90919120",1984-07-01,706.8,"U.S. Postal Service"
"90919120",1984-08-01,710.2,"U.S. Postal Service"
"90919120",1984-09-01,712.7,"U.S. Postal Service"
"90919120",1984-10-01,715.1,"U.S. Postal Service"
"90919120",1984-11-01,718.2,"U.S. Postal Service"
"90919120",1984-12-01,717.1,"U.S. Postal Service"
"90919120",1985-01-01,720.1,"U.S. Postal Service"
"90919120",1985-02-01,723.1,"U.S. Postal Service"
"90919120",1985-03-01,724.3,"U.S. Postal Service"
"90919120",1985-04-01,774.2,"U.S. Postal Service"
"90919120",1985-05-01,736.9,"U.S. Postal Service"
"90919120",1985-06-01,753.2,"U.S. Postal Service"
"90919120",1985-07-01,757.2,"U.S. Postal Service"
"90919120",1985-08-01,756,"U.S. Postal Service"
"90919120",1985-09-01,757.2,"U.S. Postal Service"
"90919120",1985-10-01,760.2,"U.S. Postal Service"
"90919120",1985-11-01,765.2,"U.S. Postal Service"
"90919120",1985-12-01,768.9,"U.S. Postal Service"
"90919120",1986-01-01,774.4,"U.S. Postal Service"
"90919120",1986-02-01,778,"U.S. Postal Service"
"90919120",1986-03-01,783.6,"U.S. Postal Service"
"90919120",1986-04-01,787.4,"U.S. Postal Service"
"90919120",1986-05-01,789.4,"U.S. Postal Service"
"90919120",1986-06-01,791.6,"U.S. Postal Service"
"90919120",1986-07-01,794.9,"U.S. Postal Service"
"90919120",1986-08-01,796.5,"U.S. Postal Service"
"90919120",1986-09-01,798.3,"U.S. Postal Service"
"90919120",1986-10-01,801.4,"U.S. Postal Service"
"90919120",1986-11-01,803.8,"U.S. Postal Service"
"90919120",1986-12-01,808.5,"U.S. Postal Service"
"90919120",1987-01-01,808.2,"U.S. Postal Service"
"90919120",1987-02-01,812.1,"U.S. Postal Service"
"90919120",1987-03-01,814.4,"U.S. Postal Service"
"90919120",1987-04-01,816.1,"U.S. Postal Service"
"90919120",1987-05-01,816.8,"U.S. Postal Service"
"90919120",1987-06-01,816.8,"U.S. Postal Service"
"90919120",1987-07-01,811.5,"U.S. Postal Service"
"90919120",1987-08-01,811.6,"U.S. Postal Service"
"90919120",1987-09-01,809,"U.S. Postal Service"
"90919120",1987-10-01,815.5,"U.S. Postal Service"
"90919120",1987-11-01,819.3,"U.S. Postal Service"
"90919120",1987-12-01,824,"U.S. Postal Service"
"90919120",1988-01-01,823.2,"U.S. Postal Service"
"90919120",1988-02-01,827.7,"U.S. Postal Service"
"90919120",1988-03-01,829.7,"U.S. Postal Service"
"90919120",1988-04-01,831.5,"U.S. Postal Service"
"90919120",1988-05-01,831.7,"U.S. Postal Service"
"90919120",1988-06-01,832.4,"U.S. Postal Service"
"90919120",1988-07-01,833.9,"U.S. Postal Service"
"90919120",1988-08-01,836.4,"U.S. Postal Service"
"90919120",1988-09-01,838.4,"U.S. Postal Service"
"90919120",1988-10-01,842.7,"U.S. Postal Service"
"90919120",1988-11-01,845.1,"U.S. Postal Service"
"90919120",1988-12-01,842.8,"U.S. Postal Service"
"90919120",1989-01-01,846.6,"U.S. Postal Service"
"90919120",1989-02-01,844.9,"U.S. Postal Service"
"90919120",1989-03-01,845.2,"U.S. Postal Service"
"90919120",1989-04-01,844.1,"U.S. Postal Service"
"90919120",1989-05-01,843.1,"U.S. Postal Service"
"90919120",1989-06-01,839.5,"U.S. Postal Service"
"90919120",1989-07-01,837.4,"U.S. Postal Service"
"90919120",1989-08-01,837,"U.S. Postal Service"
"90919120",1989-09-01,835.3,"U.S. Postal Service"
"90919120",1989-10-01,832.5,"U.S. Postal Service"
"90919120",1989-11-01,827.9,"U.S. Postal Service"
"90919120",1989-12-01,823.9,"U.S. Postal Service"
"90919120",1990-01-01,829.7,"U.S. Postal Service"
"90919120",1990-02-01,829.3,"U.S. Postal Service"
"90919120",1990-03-01,829.8,"U.S. Postal Service"
"90919120",1990-04-01,829.5,"U.S. Postal Service"
"90919120",1990-05-01,828.4,"U.S. Postal Service"
"90919120",1990-06-01,827.3,"U.S. Postal Service"
"90919120",1990-07-01,826.2,"U.S. Postal Service"
"90919120",1990-08-01,825.9,"U.S. Postal Service"
"90919120",1990-09-01,823.9,"U.S. Postal Service"
"90919120",1990-10-01,823.1,"U.S. Postal Service"
"90919120",1990-11-01,822.4,"U.S. Postal Service"
"90919120",1990-12-01,812.1,"U.S. Postal Service"
"90919120",1991-01-01,822,"U.S. Postal Service"
"90919120",1991-02-01,819.2,"U.S. Postal Service"
"90919120",1991-03-01,818.1,"U.S. Postal Service"
"90919120",1991-04-01,816.4,"U.S. Postal Service"
"90919120",1991-05-01,817.1,"U.S. Postal Service"
"90919120",1991-06-01,815.8,"U.S. Postal Service"
"90919120",1991-07-01,814.6,"U.S. Postal Service"
"90919120",1991-08-01,812.1,"U.S. Postal Service"
"90919120",1991-09-01,811.4,"U.S. Postal Service"
"90919120",1991-10-01,810.1,"U.S. Postal Service"
"90919120",1991-11-01,807.4,"U.S. Postal Service"
"90919120",1991-12-01,805.2,"U.S. Postal Service"
"90919120",1992-01-01,822.2,"U.S. Postal Service"
"90919120",1992-02-01,810.2,"U.S. Postal Service"
"90919120",1992-03-01,809.6,"U.S. Postal Service"
"90919120",1992-04-01,809.6,"U.S. Postal Service"
"90919120",1992-05-01,806.5,"U.S. Postal Service"
"90919120",1992-06-01,805.1,"U.S. Postal Service"
"90919120",1992-07-01,806.5,"U.S. Postal Service"
"90919120",1992-08-01,800.5,"U.S. Postal Service"
"90919120",1992-09-01,798.1,"U.S. Postal Service"
"90919120",1992-10-01,778,"U.S. Postal Service"
"90919120",1992-11-01,767.1,"U.S. Postal Service"
"90919120",1992-12-01,791.4,"U.S. Postal Service"
"90919120",1993-01-01,784.7,"U.S. Postal Service"
"90919120",1993-02-01,782.5,"U.S. Postal Service"
"90919120",1993-03-01,782.6,"U.S. Postal Service"
"90919120",1993-04-01,780.6,"U.S. Postal Service"
"90919120",1993-05-01,783,"U.S. Postal Service"
"90919120",1993-06-01,788.9,"U.S. Postal Service"
"90919120",1993-07-01,800.2,"U.S. Postal Service"
"90919120",1993-08-01,801.2,"U.S. Postal Service"
"90919120",1993-09-01,803.4,"U.S. Postal Service"
"90919120",1993-10-01,799.6,"U.S. Postal Service"
"90919120",1993-11-01,800.9,"U.S. Postal Service"
"90919120",1993-12-01,804.2,"U.S. Postal Service"
"90919120",1994-01-01,804.9,"U.S. Postal Service"
"90919120",1994-02-01,806.8,"U.S. Postal Service"
"90919120",1994-03-01,807.7,"U.S. Postal Service"
"90919120",1994-04-01,812.4,"U.S. Postal Service"
"90919120",1994-05-01,814.8,"U.S. Postal Service"
"90919120",1994-06-01,817.7,"U.S. Postal Service"
"90919120",1994-07-01,820.8,"U.S. Postal Service"
"90919120",1994-08-01,822.2,"U.S. Postal Service"
"90919120",1994-09-01,826.3,"U.S. Postal Service"
"90919120",1994-10-01,836.3,"U.S. Postal Service"
"90919120",1994-11-01,831.1,"U.S. Postal Service"
"90919120",1994-12-01,834,"U.S. Postal Service"
"90919120",1995-01-01,840.1,"U.S. Postal Service"
"90919120",1995-02-01,841.9,"U.S. Postal Service"
"90919120",1995-03-01,844.2,"U.S. Postal Service"
"90919120",1995-04-01,843.6,"U.S. Postal Service"
"90919120",1995-05-01,846.7,"U.S. Postal Service"
"90919120",1995-06-01,848.9,"U.S. Postal Service"
"90919120",1995-07-01,850.4,"U.S. Postal Service"
"90919120",1995-08-01,850.8,"U.S. Postal Service"
"90919120",1995-09-01,851.7,"U.S. Postal Service"
"90919120",1995-10-01,856.9,"U.S. Postal Service"
"90919120",1995-11-01,857.9,"U.S. Postal Service"
"90919120",1995-12-01,852.6,"U.S. Postal Service"
"90919120",1996-01-01,857.7,"U.S. Postal Service"
"90919120",1996-02-01,861.1,"U.S. Postal Service"
"90919120",1996-03-01,864.9,"U.S. Postal Service"
"90919120",1996-04-01,870.6,"U.S. Postal Service"
"90919120",1996-05-01,871.9,"U.S. Postal Service"
"90919120",1996-06-01,869.7,"U.S. Postal Service"
"90919120",1996-07-01,868,"U.S. Postal Service"
"90919120",1996-08-01,869,"U.S. Postal Service"
"90919120",1996-09-01,867.3,"U.S. Postal Service"
"90919120",1996-10-01,866.3,"U.S. Postal Service"
"90919120",1996-11-01,866.2,"U.S. Postal Service"
"90919120",1996-12-01,866.3,"U.S. Postal Service"
"90919120",1997-01-01,868.6,"U.S. Postal Service"
"90919120",1997-02-01,869.2,"U.S. Postal Service"
"90919120",1997-03-01,870.1,"U.S. Postal Service"
"90919120",1997-04-01,849.4,"U.S. Postal Service"
"90919120",1997-05-01,856.8,"U.S. Postal Service"
"90919120",1997-06-01,855.9,"U.S. Postal Service"
"90919120",1997-07-01,864.4,"U.S. Postal Service"
"90919120",1997-08-01,867.5,"U.S. Postal Service"
"90919120",1997-09-01,868.9,"U.S. Postal Service"
"90919120",1997-10-01,868.4,"U.S. Postal Service"
"90919120",1997-11-01,870.9,"U.S. Postal Service"
"90919120",1997-12-01,872.9,"U.S. Postal Service"
"90919120",1998-01-01,869.7,"U.S. Postal Service"
"90919120",1998-02-01,869.7,"U.S. Postal Service"
"90919120",1998-03-01,870,"U.S. Postal Service"
"90919120",1998-04-01,871,"U.S. Postal Service"
"90919120",1998-05-01,873.1,"U.S. Postal Service"
"90919120",1998-06-01,878.9,"U.S. Postal Service"
"90919120",1998-07-01,878.6,"U.S. Postal Service"
"90919120",1998-08-01,881.2,"U.S. Postal Service"
"90919120",1998-09-01,883.2,"U.S. Postal Service"
"90919120",1998-10-01,889.1,"U.S. Postal Service"
"90919120",1998-11-01,893.3,"U.S. Postal Service"
"90919120",1998-12-01,898.5,"U.S. Postal Service"
"90919120",1999-01-01,891.4,"U.S. Postal Service"
"90919120",1999-02-01,890.2,"U.S. Postal Service"
"90919120",1999-03-01,889.8,"U.S. Postal Service"
"90919120",1999-04-01,909,"U.S. Postal Service"
"90919120",1999-05-01,890.5,"U.S. Postal Service"
"90919120",1999-06-01,889.7,"U.S. Postal Service"
"90919120",1999-07-01,890.7,"U.S. Postal Service"
"90919120",1999-08-01,886.8,"U.S. Postal Service"
"90919120",1999-09-01,884.7,"U.S. Postal Service"
"90919120",1999-10-01,882.5,"U.S. Postal Service"
"90919120",1999-11-01,884.8,"U.S. Postal Service"
"90919120",1999-12-01,890,"U.S. Postal Service"
"90919120",2000-01-01,880.8,"U.S. Postal Service"
"90919120",2000-02-01,880.8,"U.S. Postal Service"
"90919120",2000-03-01,882.2,"U.S. Postal Service"
"90919120",2000-04-01,884.4,"U.S. Postal Service"
"90919120",2000-05-01,880.2,"U.S. Postal Service"
"90919120",2000-06-01,878.3,"U.S. Postal Service"
"90919120",2000-07-01,878.3,"U.S. Postal Service"
"90919120",2000-08-01,889,"U.S. Postal Service"
"90919120",2000-09-01,877.4,"U.S. Postal Service"
"90919120",2000-10-01,877.8,"U.S. Postal Service"
"90919120",2000-11-01,878.8,"U.S. Postal Service"
"90919120",2000-12-01,878.6,"U.S. Postal Service"
"90919120",2001-01-01,879.6,"U.S. Postal Service"
"90919120",2001-02-01,880.1,"U.S. Postal Service"
"90919120",2001-03-01,877.4,"U.S. Postal Service"
"90919120",2001-04-01,874.2,"U.S. Postal Service"
"90919120",2001-05-01,873.8,"U.S. Postal Service"
"90919120",2001-06-01,873.7,"U.S. Postal Service"
"90919120",2001-07-01,872.7,"U.S. Postal Service"
"90919120",2001-08-01,870.7,"U.S. Postal Service"
"90919120",2001-09-01,873.2,"U.S. Postal Service"
"90919120",2001-10-01,867.8,"U.S. Postal Service"
"90919120",2001-11-01,866.4,"U.S. Postal Service"
"90919120",2001-12-01,865.2,"U.S. Postal Service"
"90919120",2002-01-01,862.6,"U.S. Postal Service"
"90919120",2002-02-01,857.5,"U.S. Postal Service"
"90919120",2002-03-01,854.6,"U.S. Postal Service"
"90919120",2002-04-01,849.6,"U.S. Postal Service"
"90919120",2002-05-01,856.3,"U.S. Postal Service"
"90919120",2002-06-01,851.3,"U.S. Postal Service"
"90919120",2002-07-01,835.7,"U.S. Postal Service"
"90919120",2002-08-01,832.6,"U.S. Postal Service"
"90919120",2002-09-01,829.2,"U.S. Postal Service"
"90919120",2002-10-01,827.4,"U.S. Postal Service"
"90919120",2002-11-01,823.9,"U.S. Postal Service"
"90919120",2002-12-01,819.3,"U.S. Postal Service"
"90919120",2003-01-01,821.7,"U.S. Postal Service"
"90919120",2003-02-01,819,"U.S. Postal Service"
"90919120",2003-03-01,817,"U.S. Postal Service"
"90919120",2003-04-01,815.6,"U.S. Postal Service"
"90919120",2003-05-01,796,"U.S. Postal Service"
"90919120",2003-06-01,811.6,"U.S. Postal Service"
"90919120",2003-07-01,808.4,"U.S. Postal Service"
"90919120",2003-08-01,804.9,"U.S. Postal Service"
"90919120",2003-09-01,801.4,"U.S. Postal Service"
"90919120",2003-10-01,798.2,"U.S. Postal Service"
"90919120",2003-11-01,794.1,"U.S. Postal Service"
"90919120",2003-12-01,798.7,"U.S. Postal Service"
"90919120",2004-01-01,793.5,"U.S. Postal Service"
"90919120",2004-02-01,792.5,"U.S. Postal Service"
"90919120",2004-03-01,790.2,"U.S. Postal Service"
"90919120",2004-04-01,788,"U.S. Postal Service"
"90919120",2004-05-01,783.8,"U.S. Postal Service"
"90919120",2004-06-01,782.4,"U.S. Postal Service"
"90919120",2004-07-01,780.9,"U.S. Postal Service"
"90919120",2004-08-01,779.6,"U.S. Postal Service"
"90919120",2004-09-01,778,"U.S. Postal Service"
"90919120",2004-10-01,776.9,"U.S. Postal Service"
"90919120",2004-11-01,775.2,"U.S. Postal Service"
"90919120",2004-12-01,776.4,"U.S. Postal Service"
"90919120",2005-01-01,776.6,"U.S. Postal Service"
"90919120",2005-02-01,774.9,"U.S. Postal Service"
"90919120",2005-03-01,774.7,"U.S. Postal Service"
"90919120",2005-04-01,769.7,"U.S. Postal Service"
"90919120",2005-05-01,776.4,"U.S. Postal Service"
"90919120",2005-06-01,776.4,"U.S. Postal Service"
"90919120",2005-07-01,774.4,"U.S. Postal Service"
"90919120",2005-08-01,775.3,"U.S. Postal Service"
"90919120",2005-09-01,775.4,"U.S. Postal Service"
"90919120",2005-10-01,774.5,"U.S. Postal Service"
"90919120",2005-11-01,775.4,"U.S. Postal Service"
"90919120",2005-12-01,775.2,"U.S. Postal Service"
"90919120",2006-01-01,772.7,"U.S. Postal Service"
"90919120",2006-02-01,774.1,"U.S. Postal Service"
"90919120",2006-03-01,772.3,"U.S. Postal Service"
"90919120",2006-04-01,771.2,"U.S. Postal Service"
"90919120",2006-05-01,770.8,"U.S. Postal Service"
"90919120",2006-06-01,771.5,"U.S. Postal Service"
"90919120",2006-07-01,773.8,"U.S. Postal Service"
"90919120",2006-08-01,769,"U.S. Postal Service"
"90919120",2006-09-01,768.8,"U.S. Postal Service"
"90919120",2006-10-01,768.1,"U.S. Postal Service"
"90919120",2006-11-01,767.3,"U.S. Postal Service"
"90919120",2006-12-01,767.8,"U.S. Postal Service"
"90919120",2007-01-01,766.6,"U.S. Postal Service"
"90919120",2007-02-01,767.4,"U.S. Postal Service"
"90919120",2007-03-01,765.7,"U.S. Postal Service"
"90919120",2007-04-01,766.4,"U.S. Postal Service"
"90919120",2007-05-01,770.5,"U.S. Postal Service"
"90919120",2007-06-01,769,"U.S. Postal Service"
"90919120",2007-07-01,762.8,"U.S. Postal Service"
"90919120",2007-08-01,770.7,"U.S. Postal Service"
"90919120",2007-09-01,771.1,"U.S. Postal Service"
"90919120",2007-10-01,768.6,"U.S. Postal Service"
"90919120",2007-11-01,773.8,"U.S. Postal Service"
"90919120",2007-12-01,781.7,"U.S. Postal Service"
"90919120",2008-01-01,756.9,"U.S. Postal Service"
"90919120",2008-02-01,760.5,"U.S. Postal Service"
"90919120",2008-03-01,760.1,"U.S. Postal Service"
"90919120",2008-04-01,758.3,"U.S. Postal Service"
"90919120",2008-05-01,754.2,"U.S. Postal Service"
"90919120",2008-06-01,751.2,"U.S. Postal Service"
"90919120",2008-07-01,750.2,"U.S. Postal Service"
"90919120",2008-08-01,742.6,"U.S. Postal Service"
"90919120",2008-09-01,739.9,"U.S. Postal Service"
"90919120",2008-10-01,737.3,"U.S. Postal Service"
"90919120",2008-11-01,733.6,"U.S. Postal Service"
"90919120",2008-12-01,725.7,"U.S. Postal Service"
"90919120",2009-01-01,726.4,"U.S. Postal Service"
"90919120",2009-02-01,727,"U.S. Postal Service"
"90919120",2009-03-01,721.5,"U.S. Postal Service"
"90919120",2009-04-01,721.2,"U.S. Postal Service"
"90919120",2009-05-01,708.4,"U.S. Postal Service"
"90919120",2009-06-01,705.2,"U.S. Postal Service"
"90919120",2009-07-01,706.3,"U.S. Postal Service"
"90919120",2009-08-01,695.5,"U.S. Postal Service"
"90919120",2009-09-01,689.1,"U.S. Postal Service"
"90919120",2009-10-01,686.4,"U.S. Postal Service"
"90919120",2009-11-01,682.7,"U.S. Postal Service"
"90919120",2009-12-01,661,"U.S. Postal Service"
"90919120",2010-01-01,676.7,"U.S. Postal Service"
"90919120",2010-02-01,667.8,"U.S. Postal Service"
"90919120",2010-03-01,664.7,"U.S. Postal Service"
"90919120",2010-04-01,660.5,"U.S. Postal Service"
"90919120",2010-05-01,658.5,"U.S. Postal Service"
"90919120",2010-06-01,658.8,"U.S. Postal Service"
"90919120",2010-07-01,654.8,"U.S. Postal Service"
"90919120",2010-08-01,656.3,"U.S. Postal Service"
"90919120",2010-09-01,655,"U.S. Postal Service"
"90919120",2010-10-01,652.2,"U.S. Postal Service"
"90919120",2010-11-01,650.9,"U.S. Postal Service"
"90919120",2010-12-01,648.8,"U.S. Postal Service"
"90919120",2011-01-01,645.2,"U.S. Postal Service"
"90919120",2011-02-01,643.4,"U.S. Postal Service"
"90919120",2011-03-01,639.8,"U.S. Postal Service"
"90919120",2011-04-01,635.7,"U.S. Postal Service"
"90919120",2011-05-01,635.4,"U.S. Postal Service"
"90919120",2011-06-01,631.3,"U.S. Postal Service"
"90919120",2011-07-01,635.2,"U.S. Postal Service"
"90919120",2011-08-01,627.5,"U.S. Postal Service"
"90919120",2011-09-01,622.5,"U.S. Postal Service"
"90919120",2011-10-01,625.9,"U.S. Postal Service"
"90919120",2011-11-01,620.6,"U.S. Postal Service"
"90919120",2011-12-01,617.9,"U.S. Postal Service"
"90919120",2012-01-01,620,"U.S. Postal Service"
"90919120",2012-02-01,616.9,"U.S. Postal Service"
"90919120",2012-03-01,616.1,"U.S. Postal Service"
"90919120",2012-04-01,615.9,"U.S. Postal Service"
"90919120",2012-05-01,614,"U.S. Postal Service"
"90919120",2012-06-01,613.2,"U.S. Postal Service"
"90919120",2012-07-01,612.5,"U.S. Postal Service"
"90919120",2012-08-01,609.6,"U.S. Postal Service"
"90919120",2012-09-01,605.4,"U.S. Postal Service"
"90919120",2012-10-01,610.7,"U.S. Postal Service"
"90919120",2012-11-01,599.7,"U.S. Postal Service"
"90919120",2012-12-01,598.1,"U.S. Postal Service"
"90919120",2013-01-01,604.6,"U.S. Postal Service"
"90919120",2013-02-01,606.6,"U.S. Postal Service"
"90919120",2013-03-01,590.7,"U.S. Postal Service"
"90919120",2013-04-01,600,"U.S. Postal Service"
"90919120",2013-05-01,591.8,"U.S. Postal Service"
"90919120",2013-06-01,593,"U.S. Postal Service"
"90919120",2013-07-01,592.5,"U.S. Postal Service"
"90919120",2013-08-01,591.9,"U.S. Postal Service"
"90919120",2013-09-01,593.3,"U.S. Postal Service"
"90919120",2013-10-01,592,"U.S. Postal Service"
"90919120",2013-11-01,590.4,"U.S. Postal Service"
"90919120",2013-12-01,591.3,"U.S. Postal Service"
"90919120",2014-01-01,589.5,"U.S. Postal Service"
"90919120",2014-02-01,589.9,"U.S. Postal Service"
"90919120",2014-03-01,589.8,"U.S. Postal Service"
"90919120",2014-04-01,590.7,"U.S. Postal Service"
"90919120",2014-05-01,591.6,"U.S. Postal Service"
"90919120",2014-06-01,593,"U.S. Postal Service"
"90919120",2014-07-01,592,"U.S. Postal Service"
"90919120",2014-08-01,592.8,"U.S. Postal Service"
"90919120",2014-09-01,594.5,"U.S. Postal Service"
"90919120",2014-10-01,592.6,"U.S. Postal Service"
"90919120",2014-11-01,595.6,"U.S. Postal Service"
"90919120",2014-12-01,595.6,"U.S. Postal Service"
"90919120",2015-01-01,593.7,"U.S. Postal Service"
"90919120",2015-02-01,594.8,"U.S. Postal Service"
"90919120",2015-03-01,594,"U.S. Postal Service"
"90919120",2015-04-01,594.3,"U.S. Postal Service"
"90919120",2015-05-01,594.1,"U.S. Postal Service"
"90919120",2015-06-01,595.2,"U.S. Postal Service"
"90919120",2015-07-01,596.1,"U.S. Postal Service"
"90919120",2015-08-01,596.5,"U.S. Postal Service"
"90919120",2015-09-01,596.4,"U.S. Postal Service"
"90919120",2015-10-01,595.3,"U.S. Postal Service"
"90919120",2015-11-01,599.3,"U.S. Postal Service"
"90919120",2015-12-01,603.9,"U.S. Postal Service"
"90919120",2016-01-01,599.1,"U.S. Postal Service"
"90919120",2016-02-01,603.7,"U.S. Postal Service"
"90919120",2016-03-01,605.6,"U.S. Postal Service"
"90919120",2016-04-01,590.1,"U.S. Postal Service"
"90919120",2016-05-01,608.8,"U.S. Postal Service"
"90919120",2016-06-01,610.1,"U.S. Postal Service"
"90919120",2016-07-01,610.8,"U.S. Postal Service"
"90919120",2016-08-01,612.9,"U.S. Postal Service"
"90919120",2016-09-01,614.5,"U.S. Postal Service"
"90919120",2016-10-01,615.6,"U.S. Postal Service"
"90919120",2016-11-01,617.7,"U.S. Postal Service"
"90919120",2016-12-01,619.1,"U.S. Postal Service"
"90919120",2017-01-01,617.5,"U.S. Postal Service"
"90919120",2017-02-01,615.6,"U.S. Postal Service"
"90919120",2017-03-01,616.3,"U.S. Postal Service"
"90919120",2017-04-01,610.5,"U.S. Postal Service"
"90919120",1939-01-01,315.2,"U.S. Postal Service"
"90919120",1939-02-01,313.1,"U.S. Postal Service"
"90919120",1939-03-01,311.1,"U.S. Postal Service"
"90919120",1939-04-01,313.1,"U.S. Postal Service"
"90919120",1939-05-01,312.1,"U.S. Postal Service"
"90919120",1939-06-01,316.2,"U.S. Postal Service"
"90919120",1939-07-01,320.2,"U.S. Postal Service"
"90919120",1939-08-01,320.2,"U.S. Postal Service"
"90919120",1939-09-01,321.2,"U.S. Postal Service"
"90919120",1939-10-01,317.2,"U.S. Postal Service"
"90919120",1939-11-01,318.2,"U.S. Postal Service"
"90919120",1939-12-01,367.5,"U.S. Postal Service"
"90919120",1940-01-01,319.2,"U.S. Postal Service"
"90919120",1940-02-01,320.2,"U.S. Postal Service"
"90919120",1940-03-01,320.2,"U.S. Postal Service"
"90919120",1940-04-01,318.2,"U.S. Postal Service"
"90919120",1940-05-01,321.2,"U.S. Postal Service"
"90919120",1940-06-01,325.2,"U.S. Postal Service"
"90919120",1940-07-01,326.2,"U.S. Postal Service"
"90919120",1940-08-01,327.2,"U.S. Postal Service"
"90919120",1940-09-01,328.3,"U.S. Postal Service"
"90919120",1940-10-01,324.2,"U.S. Postal Service"
"90919120",1940-11-01,327.2,"U.S. Postal Service"
"90919120",1940-12-01,384.6,"U.S. Postal Service"
"90919120",1941-01-01,329.3,"U.S. Postal Service"
"90919120",1941-02-01,328.3,"U.S. Postal Service"
"90919120",1941-03-01,329.3,"U.S. Postal Service"
"90919120",1941-04-01,330.3,"U.S. Postal Service"
"90919120",1941-05-01,332.3,"U.S. Postal Service"
"90919120",1941-06-01,336.3,"U.S. Postal Service"
"90919120",1941-07-01,339.3,"U.S. Postal Service"
"90919120",1941-08-01,340.3,"U.S. Postal Service"
"90919120",1941-09-01,341.3,"U.S. Postal Service"
"90919120",1941-10-01,336.3,"U.S. Postal Service"
"90919120",1941-11-01,341.3,"U.S. Postal Service"
"90919120",1941-12-01,397.7,"U.S. Postal Service"
"90919120",1942-01-01,344.4,"U.S. Postal Service"
"90919120",1942-02-01,340.3,"U.S. Postal Service"
"90919120",1942-03-01,341.3,"U.S. Postal Service"
"90919120",1942-04-01,338.3,"U.S. Postal Service"
"90919120",1942-05-01,340.3,"U.S. Postal Service"
"90919120",1942-06-01,339.3,"U.S. Postal Service"
"90919120",1942-07-01,341.3,"U.S. Postal Service"
"90919120",1942-08-01,340.3,"U.S. Postal Service"
"90919120",1942-09-01,339.3,"U.S. Postal Service"
"90919120",1942-10-01,337.3,"U.S. Postal Service"
"90919120",1942-11-01,347.4,"U.S. Postal Service"
"90919120",1942-12-01,426.9,"U.S. Postal Service"
"90919120",1943-01-01,345.4,"U.S. Postal Service"
"90919120",1943-02-01,342.3,"U.S. Postal Service"
"90919120",1943-03-01,341.3,"U.S. Postal Service"
"90919120",1943-04-01,335.3,"U.S. Postal Service"
"90919120",1943-05-01,336.3,"U.S. Postal Service"
"90919120",1943-06-01,340.3,"U.S. Postal Service"
"90919120",1943-07-01,343.4,"U.S. Postal Service"
"90919120",1943-08-01,350.4,"U.S. Postal Service"
"90919120",1943-09-01,354.4,"U.S. Postal Service"
"90919120",1943-10-01,363.5,"U.S. Postal Service"
"90919120",1943-11-01,371.5,"U.S. Postal Service"
"90919120",1943-12-01,594.1,"U.S. Postal Service"
"90919120",1944-01-01,368.5,"U.S. Postal Service"
"90919120",1944-02-01,369.5,"U.S. Postal Service"
"90919120",1944-03-01,368.5,"U.S. Postal Service"
"90919120",1944-04-01,373.6,"U.S. Postal Service"
"90919120",1944-05-01,370.5,"U.S. Postal Service"
"90919120",1944-06-01,376.6,"U.S. Postal Service"
"90919120",1944-07-01,386.7,"U.S. Postal Service"
"90919120",1944-08-01,391.7,"U.S. Postal Service"
"90919120",1944-09-01,394.7,"U.S. Postal Service"
"90919120",1944-10-01,398.7,"U.S. Postal Service"
"90919120",1944-11-01,406.8,"U.S. Postal Service"
"90919120",1944-12-01,681.7,"U.S. Postal Service"
"90919120",1945-01-01,405.8,"U.S. Postal Service"
"90919120",1945-02-01,408.8,"U.S. Postal Service"
"90919120",1945-03-01,411.8,"U.S. Postal Service"
"90919120",1945-04-01,415.9,"U.S. Postal Service"
"90919120",1945-05-01,415.9,"U.S. Postal Service"
"90919120",1945-06-01,417.9,"U.S. Postal Service"
"90919120",1945-07-01,424.9,"U.S. Postal Service"
"90919120",1945-08-01,425.9,"U.S. Postal Service"
"90919120",1945-09-01,426.9,"U.S. Postal Service"
"90919120",1945-10-01,428.9,"U.S. Postal Service"
"90919120",1945-11-01,435,"U.S. Postal Service"
"90919120",1945-12-01,654.5,"U.S. Postal Service"
"90919120",1946-01-01,439,"U.S. Postal Service"
"90919120",1946-02-01,445.1,"U.S. Postal Service"
"90919120",1946-03-01,449.1,"U.S. Postal Service"
"90919120",1946-04-01,457.1,"U.S. Postal Service"
"90919120",1946-05-01,455.1,"U.S. Postal Service"
"90919120",1946-06-01,456.1,"U.S. Postal Service"
"90919120",1946-07-01,456.1,"U.S. Postal Service"
"90919120",1946-08-01,453.1,"U.S. Postal Service"
"90919120",1946-09-01,450.1,"U.S. Postal Service"
"90919120",1946-10-01,448.1,"U.S. Postal Service"
"90919120",1946-11-01,449.1,"U.S. Postal Service"
"90919120",1946-12-01,711.9,"U.S. Postal Service"
"90919120",1947-01-01,444,"U.S. Postal Service"
"90919120",1947-02-01,445.1,"U.S. Postal Service"
"90919120",1947-03-01,447.1,"U.S. Postal Service"
"90919120",1947-04-01,450.1,"U.S. Postal Service"
"90919120",1947-05-01,449.1,"U.S. Postal Service"
"90919120",1947-06-01,447.1,"U.S. Postal Service"
"90919120",1947-07-01,446.1,"U.S. Postal Service"
"90919120",1947-08-01,443,"U.S. Postal Service"
"90919120",1947-09-01,443,"U.S. Postal Service"
"90919120",1947-10-01,447.1,"U.S. Postal Service"
"90919120",1947-11-01,455.1,"U.S. Postal Service"
"90919120",1947-12-01,730,"U.S. Postal Service"
"90919120",1948-01-01,451.1,"U.S. Postal Service"
"90919120",1948-02-01,457.1,"U.S. Postal Service"
"90919120",1948-03-01,464.2,"U.S. Postal Service"
"90919120",1948-04-01,467.2,"U.S. Postal Service"
"90919120",1948-05-01,466.2,"U.S. Postal Service"
"90919120",1948-06-01,476.3,"U.S. Postal Service"
"90919120",1948-07-01,478.3,"U.S. Postal Service"
"90919120",1948-08-01,480.3,"U.S. Postal Service"
"90919120",1948-09-01,481.3,"U.S. Postal Service"
"90919120",1948-10-01,477.3,"U.S. Postal Service"
"90919120",1948-11-01,493.4,"U.S. Postal Service"
"90919120",1948-12-01,780.4,"U.S. Postal Service"
"90919120",1949-01-01,493.4,"U.S. Postal Service"
"90919120",1949-02-01,493.4,"U.S. Postal Service"
"90919120",1949-03-01,494.4,"U.S. Postal Service"
"90919120",1949-04-01,497.4,"U.S. Postal Service"
"90919120",1949-05-01,500.4,"U.S. Postal Service"
"90919120",1949-06-01,503.5,"U.S. Postal Service"
"90919120",1949-07-01,506.5,"U.S. Postal Service"
"90919120",1949-08-01,505.5,"U.S. Postal Service"
"90919120",1949-09-01,503.5,"U.S. Postal Service"
"90919120",1949-10-01,501.4,"U.S. Postal Service"
"90919120",1949-11-01,507.5,"U.S. Postal Service"
"90919120",1949-12-01,816.6,"U.S. Postal Service"
"90919120",1950-01-01,498.2,"U.S. Postal Service"
"90919120",1950-02-01,498.7,"U.S. Postal Service"
"90919120",1950-03-01,498.2,"U.S. Postal Service"
"90919120",1950-04-01,496.2,"U.S. Postal Service"
"90919120",1950-05-01,491.8,"U.S. Postal Service"
"90919120",1950-06-01,486.1,"U.S. Postal Service"
"90919120",1950-07-01,481.3,"U.S. Postal Service"
"90919120",1950-08-01,479.2,"U.S. Postal Service"
"90919120",1950-09-01,478,"U.S. Postal Service"
"90919120",1950-10-01,476.3,"U.S. Postal Service"
"90919120",1950-11-01,487.3,"U.S. Postal Service"
"90919120",1950-12-01,821.3,"U.S. Postal Service"
"90919120",1951-01-01,481.3,"U.S. Postal Service"
"90919120",1951-02-01,483.3,"U.S. Postal Service"
"90919120",1951-03-01,482.8,"U.S. Postal Service"
"90919120",1951-04-01,486.5,"U.S. Postal Service"
"90919120",1951-05-01,485.5,"U.S. Postal Service"
"90919120",1951-06-01,483.7,"U.S. Postal Service"
"90919120",1951-07-01,489.8,"U.S. Postal Service"
"90919120",1951-08-01,490.3,"U.S. Postal Service"
"90919120",1951-09-01,490,"U.S. Postal Service"
"90919120",1951-10-01,490.5,"U.S. Postal Service"
"90919120",1951-11-01,501.9,"U.S. Postal Service"
"90919120",1951-12-01,889.2,"U.S. Postal Service"
"90919120",1952-01-01,498.1,"U.S. Postal Service"
"90919120",1952-02-01,503.4,"U.S. Postal Service"
"90919120",1952-03-01,504.7,"U.S. Postal Service"
"90919120",1952-04-01,506.4,"U.S. Postal Service"
"90919120",1952-05-01,507.1,"U.S. Postal Service"
"90919120",1952-06-01,509.1,"U.S. Postal Service"
"90919120",1952-07-01,510.2,"U.S. Postal Service"
"90919120",1952-08-01,510.2,"U.S. Postal Service"
"90919120",1952-09-01,510.3,"U.S. Postal Service"
"90919120",1952-10-01,510.7,"U.S. Postal Service"
"90919120",1952-11-01,513.6,"U.S. Postal Service"
"90919120",1952-12-01,920,"U.S. Postal Service"
"90919120",1953-01-01,506,"U.S. Postal Service"
"90919120",1953-02-01,507.5,"U.S. Postal Service"
"90919120",1953-03-01,509.3,"U.S. Postal Service"
"90919120",1953-04-01,511,"U.S. Postal Service"
"90919120",1953-05-01,511,"U.S. Postal Service"
"90919120",1953-06-01,507.8,"U.S. Postal Service"
"90919120",1953-07-01,502,"U.S. Postal Service"
"90919120",1953-08-01,498.4,"U.S. Postal Service"
"90919120",1953-09-01,500.8,"U.S. Postal Service"
"90919120",1953-10-01,501.3,"U.S. Postal Service"
"90919120",1953-11-01,508.7,"U.S. Postal Service"
"90919120",1953-12-01,798.2,"U.S. Postal Service"
"90919120",1954-01-01,507.9,"U.S. Postal Service"
"90919120",1954-02-01,505.7,"U.S. Postal Service"
"90919120",1954-03-01,504.3,"U.S. Postal Service"
"90919120",1954-04-01,506.1,"U.S. Postal Service"
"90919120",1954-05-01,505.9,"U.S. Postal Service"
"90919120",1954-06-01,508.3,"U.S. Postal Service"
"90919120",1954-07-01,510.9,"U.S. Postal Service"
"90919120",1954-08-01,509.2,"U.S. Postal Service"
"90919120",1954-09-01,506.8,"U.S. Postal Service"
"90919120",1954-10-01,505.3,"U.S. Postal Service"
"90919120",1954-11-01,509.7,"U.S. Postal Service"
"90919120",1954-12-01,814,"U.S. Postal Service"
"90919120",1955-01-01,508.3,"U.S. Postal Service"
"90919120",1955-02-01,507.2,"U.S. Postal Service"
"90919120",1955-03-01,505.6,"U.S. Postal Service"
"90919120",1955-04-01,508.1,"U.S. Postal Service"
"90919120",1955-05-01,507.3,"U.S. Postal Service"
"90919120",1955-06-01,512.8,"U.S. Postal Service"
"90919120",1955-07-01,514.1,"U.S. Postal Service"
"90919120",1955-08-01,513.7,"U.S. Postal Service"
"90919120",1955-09-01,509.6,"U.S. Postal Service"
"90919120",1955-10-01,509.8,"U.S. Postal Service"
"90919120",1955-11-01,511.9,"U.S. Postal Service"
"90919120",1955-12-01,796,"U.S. Postal Service"
"90919120",1956-01-01,512.2,"U.S. Postal Service"
"90919120",1956-02-01,514.1,"U.S. Postal Service"
"90919120",1956-03-01,512.9,"U.S. Postal Service"
"90919120",1956-04-01,512.9,"U.S. Postal Service"
"90919120",1956-05-01,513.4,"U.S. Postal Service"
"90919120",1956-06-01,509.6,"U.S. Postal Service"
"90919120",1956-07-01,513.6,"U.S. Postal Service"
"90919120",1956-08-01,513.3,"U.S. Postal Service"
"90919120",1956-09-01,514.9,"U.S. Postal Service"
"90919120",1956-10-01,517.5,"U.S. Postal Service"
"90919120",1956-11-01,522.5,"U.S. Postal Service"
"90919120",1956-12-01,810.9,"U.S. Postal Service"
"90919120",1957-01-01,522.7,"U.S. Postal Service"
"90919120",1957-02-01,524,"U.S. Postal Service"
"90919120",1957-03-01,525.5,"U.S. Postal Service"
"90919120",1957-04-01,525.4,"U.S. Postal Service"
"90919120",1957-05-01,525.9,"U.S. Postal Service"
"90919120",1957-06-01,522.3,"U.S. Postal Service"
"90919120",1957-07-01,525,"U.S. Postal Service"
"90919120",1957-08-01,525.5,"U.S. Postal Service"
"90919120",1957-09-01,527.3,"U.S. Postal Service"
"90919120",1957-10-01,530.2,"U.S. Postal Service"
"90919120",1957-11-01,537.5,"U.S. Postal Service"
"90919120",1957-12-01,870.6,"U.S. Postal Service"
"90919120",1958-01-01,536.6,"U.S. Postal Service"
"90919120",1958-02-01,536.5,"U.S. Postal Service"
"90919120",1958-03-01,534.8,"U.S. Postal Service"
"90919120",1958-04-01,534.2,"U.S. Postal Service"
"90919120",1958-05-01,531.8,"U.S. Postal Service"
"90919120",1958-06-01,539.6,"U.S. Postal Service"
"90919120",1958-07-01,542.6,"U.S. Postal Service"
"90919120",1958-08-01,545.3,"U.S. Postal Service"
"90919120",1958-09-01,542.7,"U.S. Postal Service"
"90919120",1958-10-01,542.5,"U.S. Postal Service"
"90919120",1958-11-01,546.4,"U.S. Postal Service"
"90919120",1958-12-01,866.9,"U.S. Postal Service"
"90919120",1959-01-01,545.2,"U.S. Postal Service"
"90919120",1959-02-01,544.5,"U.S. Postal Service"
"90919120",1959-03-01,545.8,"U.S. Postal Service"
"90919120",1959-04-01,546.7,"U.S. Postal Service"
"90919120",1959-05-01,548,"U.S. Postal Service"
"90919120",1959-06-01,552.6,"U.S. Postal Service"
"90919120",1959-07-01,554.7,"U.S. Postal Service"
"90919120",1959-08-01,556.7,"U.S. Postal Service"
"90919120",1959-09-01,556,"U.S. Postal Service"
"90919120",1959-10-01,556.6,"U.S. Postal Service"
"90919120",1959-11-01,563,"U.S. Postal Service"
"90919120",1959-12-01,871.1,"U.S. Postal Service"
"90919120",1960-01-01,559,"U.S. Postal Service"
"90919120",1960-02-01,558.4,"U.S. Postal Service"
"90919120",1960-03-01,557.2,"U.S. Postal Service"
"90919120",1960-04-01,558.4,"U.S. Postal Service"
"90919120",1960-05-01,558.7,"U.S. Postal Service"
"90919120",1960-06-01,565.6,"U.S. Postal Service"
"90919120",1960-07-01,570.4,"U.S. Postal Service"
"90919120",1960-08-01,572.1,"U.S. Postal Service"
"90919120",1960-09-01,571.5,"U.S. Postal Service"
"90919120",1960-10-01,570.6,"U.S. Postal Service"
"90919120",1960-11-01,575.7,"U.S. Postal Service"
"90919120",1960-12-01,870.8,"U.S. Postal Service"
"90919120",1961-01-01,570.8,"U.S. Postal Service"
"90919120",1961-02-01,569.8,"U.S. Postal Service"
"90919120",1961-03-01,571.8,"U.S. Postal Service"
"90919120",1961-04-01,576.2,"U.S. Postal Service"
"90919120",1961-05-01,577.7,"U.S. Postal Service"
"90919120",1961-06-01,585.1,"U.S. Postal Service"
"90919120",1961-07-01,590.8,"U.S. Postal Service"
"90919120",1961-08-01,591.1,"U.S. Postal Service"
"90919120",1961-09-01,588.2,"U.S. Postal Service"
"90919120",1961-10-01,583.1,"U.S. Postal Service"
"90919120",1961-11-01,589.7,"U.S. Postal Service"
"90919120",1961-12-01,815.3,"U.S. Postal Service"
"90919120",1962-01-01,583,"U.S. Postal Service"
"90919120",1962-02-01,582.2,"U.S. Postal Service"
"90919120",1962-03-01,582.7,"U.S. Postal Service"
"90919120",1962-04-01,584.2,"U.S. Postal Service"
"90919120",1962-05-01,586.2,"U.S. Postal Service"
"90919120",1962-06-01,591.1,"U.S. Postal Service"
"90919120",1962-07-01,594,"U.S. Postal Service"
"90919120",1962-08-01,593.3,"U.S. Postal Service"
"90919120",1962-09-01,591.2,"U.S. Postal Service"
"90919120",1962-10-01,587.9,"U.S. Postal Service"
"90919120",1962-11-01,591.9,"U.S. Postal Service"
"90919120",1962-12-01,747.8,"U.S. Postal Service"
"90919120",1963-01-01,586.5,"U.S. Postal Service"
"90919120",1963-02-01,584.6,"U.S. Postal Service"
"90919120",1963-03-01,586.2,"U.S. Postal Service"
"90919120",1963-04-01,587.3,"U.S. Postal Service"
"90919120",1963-05-01,586.8,"U.S. Postal Service"
"90919120",1963-06-01,589.7,"U.S. Postal Service"
"90919120",1963-07-01,592.8,"U.S. Postal Service"
"90919120",1963-08-01,592.8,"U.S. Postal Service"
"90919120",1963-09-01,590.3,"U.S. Postal Service"
"90919120",1963-10-01,592.6,"U.S. Postal Service"
"90919120",1963-11-01,597.4,"U.S. Postal Service"
"90919120",1963-12-01,743.1,"U.S. Postal Service"
"90919120",1964-01-01,592.3,"U.S. Postal Service"
"90919120",1964-02-01,589.6,"U.S. Postal Service"
"90919120",1964-03-01,589.9,"U.S. Postal Service"
"90919120",1964-04-01,590.9,"U.S. Postal Service"
"90919120",1964-05-01,589.1,"U.S. Postal Service"
"90919120",1964-06-01,587.7,"U.S. Postal Service"
"90919120",1964-07-01,590.6,"U.S. Postal Service"
"90919120",1964-08-01,595.7,"U.S. Postal Service"
"90919120",1964-09-01,586.9,"U.S. Postal Service"
"90919120",1964-10-01,595.9,"U.S. Postal Service"
"90919120",1964-11-01,600.1,"U.S. Postal Service"
"90919120",1964-12-01,739.8,"U.S. Postal Service"
"90919120",1965-01-01,596.8,"U.S. Postal Service"
"90919120",1965-02-01,593.9,"U.S. Postal Service"
"90919120",1965-03-01,596.2,"U.S. Postal Service"
"90919120",1965-04-01,599,"U.S. Postal Service"
"90919120",1965-05-01,598.6,"U.S. Postal Service"
"90919120",1965-06-01,598,"U.S. Postal Service"
"90919120",1965-07-01,608.3,"U.S. Postal Service"
"90919120",1965-08-01,612.7,"U.S. Postal Service"
"90919120",1965-09-01,607,"U.S. Postal Service"
"90919120",1965-10-01,612.2,"U.S. Postal Service"
"90919120",1965-11-01,622.1,"U.S. Postal Service"
"90919120",1965-12-01,776.8,"U.S. Postal Service"
"90919120",1966-01-01,628.7,"U.S. Postal Service"
"90919120",1966-02-01,636.8,"U.S. Postal Service"
"90919120",1966-03-01,643.9,"U.S. Postal Service"
"90919120",1966-04-01,657.3,"U.S. Postal Service"
"90919120",1966-05-01,664.8,"U.S. Postal Service"
"90919120",1966-06-01,678.3,"U.S. Postal Service"
"90919120",1966-07-01,687.8,"U.S. Postal Service"
"90919120",1966-08-01,694.2,"U.S. Postal Service"
"90919120",1966-09-01,686.7,"U.S. Postal Service"
"90919120",1966-10-01,694.4,"U.S. Postal Service"
"90919120",1966-11-01,711.2,"U.S. Postal Service"
"90919120",1966-12-01,843.6,"U.S. Postal Service"
"90919120",1967-01-01,702,"U.S. Postal Service"
"90919120",1967-02-01,694.2,"U.S. Postal Service"
"90919120",1967-03-01,697.9,"U.S. Postal Service"
"90919120",1967-04-01,701.7,"U.S. Postal Service"
"90919120",1967-05-01,702.6,"U.S. Postal Service"
"90919120",1967-06-01,719.3,"U.S. Postal Service"
"90919120",1967-07-01,718.6,"U.S. Postal Service"
"90919120",1967-08-01,720.1,"U.S. Postal Service"
"90919120",1967-09-01,706.2,"U.S. Postal Service"
"90919120",1967-10-01,707.6,"U.S. Postal Service"
"90919120",1967-11-01,713.7,"U.S. Postal Service"
"90919120",1967-12-01,840.5,"U.S. Postal Service"
"90919120",1968-01-01,718.7,"U.S. Postal Service"
"90919120",1968-02-01,712,"U.S. Postal Service"
"90919120",1968-03-01,712,"U.S. Postal Service"
"90919120",1968-04-01,714.3,"U.S. Postal Service"
"90919120",1968-05-01,713.3,"U.S. Postal Service"
"90919120",1968-06-01,733.7,"U.S. Postal Service"
"90919120",1968-07-01,739.2,"U.S. Postal Service"
"90919120",1968-08-01,736.6,"U.S. Postal Service"
"90919120",1968-09-01,717.7,"U.S. Postal Service"
"90919120",1968-10-01,716.4,"U.S. Postal Service"
"90919120",1968-11-01,726.8,"U.S. Postal Service"
"90919120",1968-12-01,800.8,"U.S. Postal Service"
"90919120",1969-01-01,723.5,"U.S. Postal Service"
"90919120",1969-02-01,723.4,"U.S. Postal Service"
"90919120",1969-03-01,723.5,"U.S. Postal Service"
"90919120",1969-04-01,725.9,"U.S. Postal Service"
"90919120",1969-05-01,728.1,"U.S. Postal Service"
"90919120",1969-06-01,741.7,"U.S. Postal Service"
"90919120",1969-07-01,744.9,"U.S. Postal Service"
"90919120",1969-08-01,746.1,"U.S. Postal Service"
"90919120",1969-09-01,731.5,"U.S. Postal Service"
"90919120",1969-10-01,730.5,"U.S. Postal Service"
"90919120",1969-11-01,731.1,"U.S. Postal Service"
"90919120",1969-12-01,799.1,"U.S. Postal Service"
"90919120",1970-01-01,730.2,"U.S. Postal Service"
"90919120",1970-02-01,729.8,"U.S. Postal Service"
"90919120",1970-03-01,730.1,"U.S. Postal Service"
"90919120",1970-04-01,732.3,"U.S. Postal Service"
"90919120",1970-05-01,733.2,"U.S. Postal Service"
"90919120",1970-06-01,743.7,"U.S. Postal Service"
"90919120",1970-07-01,748,"U.S. Postal Service"
"90919120",1970-08-01,744.1,"U.S. Postal Service"
"90919120",1970-09-01,734.5,"U.S. Postal Service"
"90919120",1970-10-01,733,"U.S. Postal Service"
"90919120",1970-11-01,740.8,"U.S. Postal Service"
"90919120",1970-12-01,793.2,"U.S. Postal Service"
"90919120",1971-01-01,736.5,"U.S. Postal Service"
"90919120",1971-02-01,734.3,"U.S. Postal Service"
"90919120",1971-03-01,733.8,"U.S. Postal Service"
"90919120",1971-04-01,733.8,"U.S. Postal Service"
"90919120",1971-05-01,731.8,"U.S. Postal Service"
"90919120",1971-06-01,731.3,"U.S. Postal Service"
"90919120",1971-07-01,731.1,"U.S. Postal Service"
"90919120",1971-08-01,730.5,"U.S. Postal Service"
"90919120",1971-09-01,719.2,"U.S. Postal Service"
"90919120",1971-10-01,717.9,"U.S. Postal Service"
"90919120",1971-11-01,721,"U.S. Postal Service"
"90919120",1971-12-01,755.4,"U.S. Postal Service"
"90919120",1972-01-01,721.1,"U.S. Postal Service"
"90919120",1972-02-01,719.9,"U.S. Postal Service"
"90919120",1972-03-01,720,"U.S. Postal Service"
"90919120",1972-04-01,719.4,"U.S. Postal Service"
"90919120",1972-05-01,713.9,"U.S. Postal Service"
"90919120",1972-06-01,708.5,"U.S. Postal Service"
"90919120",1972-07-01,687.4,"U.S. Postal Service"
"90919120",1972-08-01,686.1,"U.S. Postal Service"
"90919120",1972-09-01,680.1,"U.S. Postal Service"
"90919120",1972-10-01,676.8,"U.S. Postal Service"
"90919120",1972-11-01,680.6,"U.S. Postal Service"
"90919120",1972-12-01,720.9,"U.S. Postal Service"
"90919120",1973-01-01,679.9,"U.S. Postal Service"
"90919120",1973-02-01,685.8,"U.S. Postal Service"
"90919120",1973-03-01,690,"U.S. Postal Service"
"90919120",1973-04-01,690.4,"U.S. Postal Service"
"90919120",1973-05-01,693,"U.S. Postal Service"
"90919120",1973-06-01,700,"U.S. Postal Service"
"90919120",1973-07-01,693,"U.S. Postal Service"
"90919120",1973-08-01,695.6,"U.S. Postal Service"
"90919120",1973-09-01,693.3,"U.S. Postal Service"
"90919120",1973-10-01,694,"U.S. Postal Service"
"90919120",1973-11-01,705.4,"U.S. Postal Service"
"90919120",1973-12-01,753.9,"U.S. Postal Service"
"90919120",1974-01-01,709.4,"U.S. Postal Service"
"90919120",1974-02-01,709.1,"U.S. Postal Service"
"90919120",1974-03-01,706.8,"U.S. Postal Service"
"90919120",1974-04-01,707.6,"U.S. Postal Service"
"90919120",1974-05-01,706.5,"U.S. Postal Service"
"90919120",1974-06-01,709.3,"U.S. Postal Service"
"90919120",1974-07-01,708.8,"U.S. Postal Service"
"90919120",1974-08-01,706.6,"U.S. Postal Service"
"90919120",1974-09-01,701.8,"U.S. Postal Service"
"90919120",1974-10-01,700.5,"U.S. Postal Service"
"90919120",1974-11-01,705.5,"U.S. Postal Service"
"90919120",1974-12-01,745.6,"U.S. Postal Service"
"90919120",1975-01-01,704.7,"U.S. Postal Service"
"90919120",1975-02-01,700.6,"U.S. Postal Service"
"90919120",1975-03-01,699.4,"U.S. Postal Service"
"90919120",1975-04-01,699.2,"U.S. Postal Service"
"90919120",1975-05-01,698.7,"U.S. Postal Service"
"90919120",1975-06-01,701.3,"U.S. Postal Service"
"90919120",1975-07-01,699.9,"U.S. Postal Service"
"90919120",1975-08-01,695.9,"U.S. Postal Service"
"90919120",1975-09-01,693.1,"U.S. Postal Service"
"90919120",1975-10-01,685.7,"U.S. Postal Service"
"90919120",1975-11-01,693.2,"U.S. Postal Service"
"90919120",1975-12-01,716.1,"U.S. Postal Service"
"90919120",1976-01-01,681.9,"U.S. Postal Service"
"90919120",1976-02-01,681.1,"U.S. Postal Service"
"90919120",1976-03-01,677.7,"U.S. Postal Service"
"90919120",1976-04-01,676.2,"U.S. Postal Service"
"90919120",1976-05-01,674.5,"U.S. Postal Service"
"90919120",1976-06-01,678.9,"U.S. Postal Service"
"90919120",1976-07-01,675.1,"U.S. Postal Service"
"90919120",1976-08-01,672.6,"U.S. Postal Service"
"90919120",1976-09-01,668.1,"U.S. Postal Service"
"90919120",1976-10-01,662.3,"U.S. Postal Service"
"90919120",1976-11-01,672.7,"U.S. Postal Service"
"90919120",1976-12-01,688.9,"U.S. Postal Service"
"90919120",1977-01-01,653.6,"U.S. Postal Service"
"90919120",1977-02-01,655.3,"U.S. Postal Service"
"90919120",1977-03-01,655.8,"U.S. Postal Service"
"90919120",1977-04-01,655.5,"U.S. Postal Service"
"90919120",1977-05-01,653.8,"U.S. Postal Service"
"90919120",1977-06-01,659.1,"U.S. Postal Service"
"90919120",1977-07-01,659.3,"U.S. Postal Service"
"90919120",1977-08-01,659.2,"U.S. Postal Service"
"90919120",1977-09-01,658.4,"U.S. Postal Service"
"90919120",1977-10-01,651.4,"U.S. Postal Service"
"90919120",1977-11-01,654.7,"U.S. Postal Service"
"90919120",1977-12-01,667.2,"U.S. Postal Service"
"90919120",1978-01-01,654.2,"U.S. Postal Service"
"90919120",1978-02-01,650.4,"U.S. Postal Service"
"90919120",1978-03-01,652.6,"U.S. Postal Service"
"90919120",1978-04-01,654.4,"U.S. Postal Service"
"90919120",1978-05-01,651.7,"U.S. Postal Service"
"90919120",1978-06-01,652.3,"U.S. Postal Service"
"90919120",1978-07-01,656.4,"U.S. Postal Service"
"90919120",1978-08-01,655.6,"U.S. Postal Service"
"90919120",1978-09-01,658.9,"U.S. Postal Service"
"90919120",1978-10-01,668,"U.S. Postal Service"
"90919120",1978-11-01,674.7,"U.S. Postal Service"
"90919120",1978-12-01,694.4,"U.S. Postal Service"
"90919120",1979-01-01,666,"U.S. Postal Service"
"90919120",1979-02-01,664,"U.S. Postal Service"
"90919120",1979-03-01,667.4,"U.S. Postal Service"
"90919120",1979-04-01,674.1,"U.S. Postal Service"
"90919120",1979-05-01,676.1,"U.S. Postal Service"
"90919120",1979-06-01,680.7,"U.S. Postal Service"
"90919120",1979-07-01,677.6,"U.S. Postal Service"
"90919120",1979-08-01,676.7,"U.S. Postal Service"
"90919120",1979-09-01,673.6,"U.S. Postal Service"
"90919120",1979-10-01,663.5,"U.S. Postal Service"
"90919120",1979-11-01,671,"U.S. Postal Service"
"90919120",1979-12-01,688.9,"U.S. Postal Service"
"90919120",1980-01-01,669.1,"U.S. Postal Service"
"90919120",1980-02-01,666,"U.S. Postal Service"
"90919120",1980-03-01,667.2,"U.S. Postal Service"
"90919120",1980-04-01,667.1,"U.S. Postal Service"
"90919120",1980-05-01,670.1,"U.S. Postal Service"
"90919120",1980-06-01,673.8,"U.S. Postal Service"
"90919120",1980-07-01,679.7,"U.S. Postal Service"
"90919120",1980-08-01,677,"U.S. Postal Service"
"90919120",1980-09-01,676.3,"U.S. Postal Service"
"90919120",1980-10-01,669.3,"U.S. Postal Service"
"90919120",1980-11-01,673.2,"U.S. Postal Service"
"90919120",1980-12-01,683.8,"U.S. Postal Service"
"90919120",1981-01-01,673.8,"U.S. Postal Service"
"90919120",1981-02-01,666.1,"U.S. Postal Service"
"90919120",1981-03-01,668.5,"U.S. Postal Service"
"90919120",1981-04-01,670.3,"U.S. Postal Service"
"90919120",1981-05-01,671.2,"U.S. Postal Service"
"90919120",1981-06-01,674.6,"U.S. Postal Service"
"90919120",1981-07-01,677.5,"U.S. Postal Service"
"90919120",1981-08-01,677.3,"U.S. Postal Service"
"90919120",1981-09-01,675.6,"U.S. Postal Service"
"90919120",1981-10-01,679.2,"U.S. Postal Service"
"90919120",1981-11-01,676.7,"U.S. Postal Service"
"90919120",1981-12-01,686.1,"U.S. Postal Service"
"90919120",1982-01-01,703.2,"U.S. Postal Service"
"90919120",1982-02-01,677.7,"U.S. Postal Service"
"90919120",1982-03-01,677.6,"U.S. Postal Service"
"90919120",1982-04-01,680,"U.S. Postal Service"
"90919120",1982-05-01,679.5,"U.S. Postal Service"
"90919120",1982-06-01,681.6,"U.S. Postal Service"
"90919120",1982-07-01,683.3,"U.S. Postal Service"
"90919120",1982-08-01,682.2,"U.S. Postal Service"
"90919120",1982-09-01,680.9,"U.S. Postal Service"
"90919120",1982-10-01,681,"U.S. Postal Service"
"90919120",1982-11-01,695,"U.S. Postal Service"
"90919120",1982-12-01,687.1,"U.S. Postal Service"
"90919120",1983-01-01,679.2,"U.S. Postal Service"
"90919120",1983-02-01,678.7,"U.S. Postal Service"
"90919120",1983-03-01,678.9,"U.S. Postal Service"
"90919120",1983-04-01,678.7,"U.S. Postal Service"
"90919120",1983-05-01,680.3,"U.S. Postal Service"
"90919120",1983-06-01,682.8,"U.S. Postal Service"
"90919120",1983-07-01,696.2,"U.S. Postal Service"
"90919120",1983-08-01,685.2,"U.S. Postal Service"
"90919120",1983-09-01,684.2,"U.S. Postal Service"
"90919120",1983-10-01,685.5,"U.S. Postal Service"
"90919120",1983-11-01,693.3,"U.S. Postal Service"
"90919120",1983-12-01,697.4,"U.S. Postal Service"
"90919120",1984-01-01,689.7,"U.S. Postal Service"
"90919120",1984-02-01,692.1,"U.S. Postal Service"
"90919120",1984-03-01,694.7,"U.S. Postal Service"
"90919120",1984-04-01,697.6,"U.S. Postal Service"
"90919120",1984-05-01,701.7,"U.S. Postal Service"
"90919120",1984-06-01,707.1,"U.S. Postal Service"
"90919120",1984-07-01,710.1,"U.S. Postal Service"
"90919120",1984-08-01,711.7,"U.S. Postal Service"
"90919120",1984-09-01,710.1,"U.S. Postal Service"
"90919120",1984-10-01,709.3,"U.S. Postal Service"
"90919120",1984-11-01,717.3,"U.S. Postal Service"
"90919120",1984-12-01,726.3,"U.S. Postal Service"
"90919120",1985-01-01,716.2,"U.S. Postal Service"
"90919120",1985-02-01,720.3,"U.S. Postal Service"
"90919120",1985-03-01,723.1,"U.S. Postal Service"
"90919120",1985-04-01,774.6,"U.S. Postal Service"
"90919120",1985-05-01,738.4,"U.S. Postal Service"
"90919120",1985-06-01,757.3,"U.S. Postal Service"
"90919120",1985-07-01,759.9,"U.S. Postal Service"
"90919120",1985-08-01,756.5,"U.S. Postal Service"
"90919120",1985-09-01,753.1,"U.S. Postal Service"
"90919120",1985-10-01,752.8,"U.S. Postal Service"
"90919120",1985-11-01,763.7,"U.S. Postal Service"
"90919120",1985-12-01,779.4,"U.S. Postal Service"
"90919120",1986-01-01,770.8,"U.S. Postal Service"
"90919120",1986-02-01,775.7,"U.S. Postal Service"
"90919120",1986-03-01,783.4,"U.S. Postal Service"
"90919120",1986-04-01,788.9,"U.S. Postal Service"
"90919120",1986-05-01,791.6,"U.S. Postal Service"
"90919120",1986-06-01,796,"U.S. Postal Service"
"90919120",1986-07-01,796.5,"U.S. Postal Service"
"90919120",1986-08-01,795.9,"U.S. Postal Service"
"90919120",1986-09-01,792.8,"U.S. Postal Service"
"90919120",1986-10-01,792.7,"U.S. Postal Service"
"90919120",1986-11-01,801.5,"U.S. Postal Service"
"90919120",1986-12-01,820.8,"U.S. Postal Service"
"90919120",1987-01-01,805.3,"U.S. Postal Service"
"90919120",1987-02-01,810.4,"U.S. Postal Service"
"90919120",1987-03-01,815.2,"U.S. Postal Service"
"90919120",1987-04-01,818.5,"U.S. Postal Service"
"90919120",1987-05-01,819,"U.S. Postal Service"
"90919120",1987-06-01,820.7,"U.S. Postal Service"
"90919120",1987-07-01,811.9,"U.S. Postal Service"
"90919120",1987-08-01,810.1,"U.S. Postal Service"
"90919120",1987-09-01,803,"U.S. Postal Service"
"90919120",1987-10-01,806.3,"U.S. Postal Service"
"90919120",1987-11-01,816.6,"U.S. Postal Service"
"90919120",1987-12-01,838.1,"U.S. Postal Service"
"90919120",1988-01-01,821.6,"U.S. Postal Service"
"90919120",1988-02-01,826.5,"U.S. Postal Service"
"90919120",1988-03-01,830.9,"U.S. Postal Service"
"90919120",1988-04-01,833.8,"U.S. Postal Service"
"90919120",1988-05-01,833.4,"U.S. Postal Service"
"90919120",1988-06-01,835.2,"U.S. Postal Service"
"90919120",1988-07-01,833.2,"U.S. Postal Service"
"90919120",1988-08-01,834.4,"U.S. Postal Service"
"90919120",1988-09-01,832.4,"U.S. Postal Service"
"90919120",1988-10-01,833.5,"U.S. Postal Service"
"90919120",1988-11-01,842.3,"U.S. Postal Service"
"90919120",1988-12-01,858.9,"U.S. Postal Service"
"90919120",1989-01-01,846.2,"U.S. Postal Service"
"90919120",1989-02-01,843.9,"U.S. Postal Service"
"90919120",1989-03-01,846.2,"U.S. Postal Service"
"90919120",1989-04-01,845.6,"U.S. Postal Service"
"90919120",1989-05-01,843.5,"U.S. Postal Service"
"90919120",1989-06-01,841,"U.S. Postal Service"
"90919120",1989-07-01,836.3,"U.S. Postal Service"
"90919120",1989-08-01,835.1,"U.S. Postal Service"
"90919120",1989-09-01,830.2,"U.S. Postal Service"
"90919120",1989-10-01,824.3,"U.S. Postal Service"
"90919120",1989-11-01,825.8,"U.S. Postal Service"
"90919120",1989-12-01,841.2,"U.S. Postal Service"
"90919120",1990-01-01,828.6,"U.S. Postal Service"
"90919120",1990-02-01,825.4,"U.S. Postal Service"
"90919120",1990-03-01,826.1,"U.S. Postal Service"
"90919120",1990-04-01,825.4,"U.S. Postal Service"
"90919120",1990-05-01,824.7,"U.S. Postal Service"
"90919120",1990-06-01,826.9,"U.S. Postal Service"
"90919120",1990-07-01,825.8,"U.S. Postal Service"
"90919120",1990-08-01,825.8,"U.S. Postal Service"
"90919120",1990-09-01,821.1,"U.S. Postal Service"
"90919120",1990-10-01,815.9,"U.S. Postal Service"
"90919120",1990-11-01,819,"U.S. Postal Service"
"90919120",1990-12-01,836.5,"U.S. Postal Service"
"90919120",1991-01-01,820.8,"U.S. Postal Service"
"90919120",1991-02-01,815.5,"U.S. Postal Service"
"90919120",1991-03-01,814.5,"U.S. Postal Service"
"90919120",1991-04-01,812.4,"U.S. Postal Service"
"90919120",1991-05-01,810.8,"U.S. Postal Service"
"90919120",1991-06-01,812.8,"U.S. Postal Service"
"90919120",1991-07-01,814.2,"U.S. Postal Service"
"90919120",1991-08-01,811.8,"U.S. Postal Service"
"90919120",1991-09-01,808.8,"U.S. Postal Service"
"90919120",1991-10-01,803,"U.S. Postal Service"
"90919120",1991-11-01,804.5,"U.S. Postal Service"
"90919120",1991-12-01,829.7,"U.S. Postal Service"
"90919120",1992-01-01,820.3,"U.S. Postal Service"
"90919120",1992-02-01,806.1,"U.S. Postal Service"
"90919120",1992-03-01,805.8,"U.S. Postal Service"
"90919120",1992-04-01,805.6,"U.S. Postal Service"
"90919120",1992-05-01,802.5,"U.S. Postal Service"
"90919120",1992-06-01,801.8,"U.S. Postal Service"
"90919120",1992-07-01,805.3,"U.S. Postal Service"
"90919120",1992-08-01,798.9,"U.S. Postal Service"
"90919120",1992-09-01,795.3,"U.S. Postal Service"
"90919120",1992-10-01,771.6,"U.S. Postal Service"
"90919120",1992-11-01,770.3,"U.S. Postal Service"
"90919120",1992-12-01,815.9,"U.S. Postal Service"
"90919120",1993-01-01,785.8,"U.S. Postal Service"
"90919120",1993-02-01,780.7,"U.S. Postal Service"
"90919120",1993-03-01,780.1,"U.S. Postal Service"
"90919120",1993-04-01,778.3,"U.S. Postal Service"
"90919120",1993-05-01,780.4,"U.S. Postal Service"
"90919120",1993-06-01,784.2,"U.S. Postal Service"
"90919120",1993-07-01,792.5,"U.S. Postal Service"
"90919120",1993-08-01,795.9,"U.S. Postal Service"
"90919120",1993-09-01,796.7,"U.S. Postal Service"
"90919120",1993-10-01,792.4,"U.S. Postal Service"
"90919120",1993-11-01,805.6,"U.S. Postal Service"
"90919120",1993-12-01,846.2,"U.S. Postal Service"
"90919120",1994-01-01,805.3,"U.S. Postal Service"
"90919120",1994-02-01,805.1,"U.S. Postal Service"
"90919120",1994-03-01,805.1,"U.S. Postal Service"
"90919120",1994-04-01,810.1,"U.S. Postal Service"
"90919120",1994-05-01,812,"U.S. Postal Service"
"90919120",1994-06-01,815.8,"U.S. Postal Service"
"90919120",1994-07-01,814.3,"U.S. Postal Service"
"90919120",1994-08-01,816.6,"U.S. Postal Service"
"90919120",1994-09-01,819.4,"U.S. Postal Service"
"90919120",1994-10-01,828.8,"U.S. Postal Service"
"90919120",1994-11-01,836.4,"U.S. Postal Service"
"90919120",1994-12-01,877.9,"U.S. Postal Service"
"90919120",1995-01-01,840.6,"U.S. Postal Service"
"90919120",1995-02-01,841.3,"U.S. Postal Service"
"90919120",1995-03-01,841.4,"U.S. Postal Service"
"90919120",1995-04-01,842.4,"U.S. Postal Service"
"90919120",1995-05-01,843.5,"U.S. Postal Service"
"90919120",1995-06-01,846.6,"U.S. Postal Service"
"90919120",1995-07-01,843.2,"U.S. Postal Service"
"90919120",1995-08-01,844.7,"U.S. Postal Service"
"90919120",1995-09-01,844.2,"U.S. Postal Service"
"90919120",1995-10-01,849.5,"U.S. Postal Service"
"90919120",1995-11-01,863,"U.S. Postal Service"
"90919120",1995-12-01,898.1,"U.S. Postal Service"
"90919120",1996-01-01,858.4,"U.S. Postal Service"
"90919120",1996-02-01,860.6,"U.S. Postal Service"
"90919120",1996-03-01,861.9,"U.S. Postal Service"
"90919120",1996-04-01,869.2,"U.S. Postal Service"
"90919120",1996-05-01,864.1,"U.S. Postal Service"
"90919120",1996-06-01,863.6,"U.S. Postal Service"
"90919120",1996-07-01,860.2,"U.S. Postal Service"
"90919120",1996-08-01,863.7,"U.S. Postal Service"
"90919120",1996-09-01,859.9,"U.S. Postal Service"
"90919120",1996-10-01,859.2,"U.S. Postal Service"
"90919120",1996-11-01,872.3,"U.S. Postal Service"
"90919120",1996-12-01,913.6,"U.S. Postal Service"
"90919120",1997-01-01,870.2,"U.S. Postal Service"
"90919120",1997-02-01,867.6,"U.S. Postal Service"
"90919120",1997-03-01,866.8,"U.S. Postal Service"
"90919120",1997-04-01,847.9,"U.S. Postal Service"
"90919120",1997-05-01,848.7,"U.S. Postal Service"
"90919120",1997-06-01,849.5,"U.S. Postal Service"
"90919120",1997-07-01,856.5,"U.S. Postal Service"
"90919120",1997-08-01,861.7,"U.S. Postal Service"
"90919120",1997-09-01,861.4,"U.S. Postal Service"
"90919120",1997-10-01,861.5,"U.S. Postal Service"
"90919120",1997-11-01,878.4,"U.S. Postal Service"
"90919120",1997-12-01,921.6,"U.S. Postal Service"
"90919120",1998-01-01,871.4,"U.S. Postal Service"
"90919120",1998-02-01,867.8,"U.S. Postal Service"
"90919120",1998-03-01,866.6,"U.S. Postal Service"
"90919120",1998-04-01,868.1,"U.S. Postal Service"
"90919120",1998-05-01,868.5,"U.S. Postal Service"
"90919120",1998-06-01,871.8,"U.S. Postal Service"
"90919120",1998-07-01,869,"U.S. Postal Service"
"90919120",1998-08-01,873.8,"U.S. Postal Service"
"90919120",1998-09-01,876,"U.S. Postal Service"
"90919120",1998-10-01,882.4,"U.S. Postal Service"
"90919120",1998-11-01,900.8,"U.S. Postal Service"
"90919120",1998-12-01,949.3,"U.S. Postal Service"
"90919120",1999-01-01,893.1,"U.S. Postal Service"
"90919120",1999-02-01,887.8,"U.S. Postal Service"
"90919120",1999-03-01,886.5,"U.S. Postal Service"
"90919120",1999-04-01,906.4,"U.S. Postal Service"
"90919120",1999-05-01,885.5,"U.S. Postal Service"
"90919120",1999-06-01,882.5,"U.S. Postal Service"
"90919120",1999-07-01,879.3,"U.S. Postal Service"
"90919120",1999-08-01,878.4,"U.S. Postal Service"
"90919120",1999-09-01,877.5,"U.S. Postal Service"
"90919120",1999-10-01,876,"U.S. Postal Service"
"90919120",1999-11-01,890,"U.S. Postal Service"
"90919120",1999-12-01,933.1,"U.S. Postal Service"
"90919120",2000-01-01,881.6,"U.S. Postal Service"
"90919120",2000-02-01,877.7,"U.S. Postal Service"
"90919120",2000-03-01,878.3,"U.S. Postal Service"
"90919120",2000-04-01,881.6,"U.S. Postal Service"
"90919120",2000-05-01,875,"U.S. Postal Service"
"90919120",2000-06-01,873.6,"U.S. Postal Service"
"90919120",2000-07-01,872.3,"U.S. Postal Service"
"90919120",2000-08-01,881.2,"U.S. Postal Service"
"90919120",2000-09-01,871.2,"U.S. Postal Service"
"90919120",2000-10-01,871.8,"U.S. Postal Service"
"90919120",2000-11-01,880.9,"U.S. Postal Service"
"90919120",2000-12-01,911.7,"U.S. Postal Service"
"90919120",2001-01-01,879.6,"U.S. Postal Service"
"90919120",2001-02-01,878,"U.S. Postal Service"
"90919120",2001-03-01,874.6,"U.S. Postal Service"
"90919120",2001-04-01,875.4,"U.S. Postal Service"
"90919120",2001-05-01,872.6,"U.S. Postal Service"
"90919120",2001-06-01,871.5,"U.S. Postal Service"
"90919120",2001-07-01,868.7,"U.S. Postal Service"
"90919120",2001-08-01,866.6,"U.S. Postal Service"
"90919120",2001-09-01,869.1,"U.S. Postal Service"
"90919120",2001-10-01,863.4,"U.S. Postal Service"
"90919120",2001-11-01,865.7,"U.S. Postal Service"
"90919120",2001-12-01,891.2,"U.S. Postal Service"
"90919120",2002-01-01,860.7,"U.S. Postal Service"
"90919120",2002-02-01,854.8,"U.S. Postal Service"
"90919120",2002-03-01,851.1,"U.S. Postal Service"
"90919120",2002-04-01,847.2,"U.S. Postal Service"
"90919120",2002-05-01,860.8,"U.S. Postal Service"
"90919120",2002-06-01,852.6,"U.S. Postal Service"
"90919120",2002-07-01,833.1,"U.S. Postal Service"
"90919120",2002-08-01,830,"U.S. Postal Service"
"90919120",2002-09-01,828.6,"U.S. Postal Service"
"90919120",2002-10-01,824.3,"U.S. Postal Service"
"90919120",2002-11-01,823.2,"U.S. Postal Service"
"90919120",2002-12-01,842.5,"U.S. Postal Service"
"90919120",2003-01-01,820.4,"U.S. Postal Service"
"90919120",2003-02-01,815.9,"U.S. Postal Service"
"90919120",2003-03-01,813.1,"U.S. Postal Service"
"90919120",2003-04-01,813,"U.S. Postal Service"
"90919120",2003-05-01,810.7,"U.S. Postal Service"
"90919120",2003-06-01,808.6,"U.S. Postal Service"
"90919120",2003-07-01,805.7,"U.S. Postal Service"
"90919120",2003-08-01,803.3,"U.S. Postal Service"
"90919120",2003-09-01,800.6,"U.S. Postal Service"
"90919120",2003-10-01,799.6,"U.S. Postal Service"
"90919120",2003-11-01,796.6,"U.S. Postal Service"
"90919120",2003-12-01,816.2,"U.S. Postal Service"
"90919120",2004-01-01,790.6,"U.S. Postal Service"
"90919120",2004-02-01,787.7,"U.S. Postal Service"
"90919120",2004-03-01,785.1,"U.S. Postal Service"
"90919120",2004-04-01,782.6,"U.S. Postal Service"
"90919120",2004-05-01,780.6,"U.S. Postal Service"
"90919120",2004-06-01,778.6,"U.S. Postal Service"
"90919120",2004-07-01,779.4,"U.S. Postal Service"
"90919120",2004-08-01,777.7,"U.S. Postal Service"
"90919120",2004-09-01,777.2,"U.S. Postal Service"
"90919120",2004-10-01,777.4,"U.S. Postal Service"
"90919120",2004-11-01,779.5,"U.S. Postal Service"
"90919120",2004-12-01,788.8,"U.S. Postal Service"
"90919120",2005-01-01,773.7,"U.S. Postal Service"
"90919120",2005-02-01,771.3,"U.S. Postal Service"
"90919120",2005-03-01,770.4,"U.S. Postal Service"
"90919120",2005-04-01,770,"U.S. Postal Service"
"90919120",2005-05-01,772.9,"U.S. Postal Service"
"90919120",2005-06-01,773.6,"U.S. Postal Service"
"90919120",2005-07-01,773.4,"U.S. Postal Service"
"90919120",2005-08-01,773.3,"U.S. Postal Service"
"90919120",2005-09-01,773.7,"U.S. Postal Service"
"90919120",2005-10-01,773.9,"U.S. Postal Service"
"90919120",2005-11-01,778,"U.S. Postal Service"
"90919120",2005-12-01,786.7,"U.S. Postal Service"
"90919120",2006-01-01,769.4,"U.S. Postal Service"
"90919120",2006-02-01,768,"U.S. Postal Service"
"90919120",2006-03-01,767.7,"U.S. Postal Service"
"90919120",2006-04-01,766.5,"U.S. Postal Service"
"90919120",2006-05-01,766.5,"U.S. Postal Service"
"90919120",2006-06-01,768.1,"U.S. Postal Service"
"90919120",2006-07-01,774.7,"U.S. Postal Service"
"90919120",2006-08-01,766,"U.S. Postal Service"
"90919120",2006-09-01,767.1,"U.S. Postal Service"
"90919120",2006-10-01,768.1,"U.S. Postal Service"
"90919120",2006-11-01,770.7,"U.S. Postal Service"
"90919120",2006-12-01,783.3,"U.S. Postal Service"
"90919120",2007-01-01,763.1,"U.S. Postal Service"
"90919120",2007-02-01,761.1,"U.S. Postal Service"
"90919120",2007-03-01,760.6,"U.S. Postal Service"
"90919120",2007-04-01,762.6,"U.S. Postal Service"
"90919120",2007-05-01,766.2,"U.S. Postal Service"
"90919120",2007-06-01,765.8,"U.S. Postal Service"
"90919120",2007-07-01,766.6,"U.S. Postal Service"
"90919120",2007-08-01,768.9,"U.S. Postal Service"
"90919120",2007-09-01,770.9,"U.S. Postal Service"
"90919120",2007-10-01,770.6,"U.S. Postal Service"
"90919120",2007-11-01,777.4,"U.S. Postal Service"
"90919120",2007-12-01,795.5,"U.S. Postal Service"
"90919120",2008-01-01,753.8,"U.S. Postal Service"
"90919120",2008-02-01,754.6,"U.S. Postal Service"
"90919120",2008-03-01,755.6,"U.S. Postal Service"
"90919120",2008-04-01,757.2,"U.S. Postal Service"
"90919120",2008-05-01,752.4,"U.S. Postal Service"
"90919120",2008-06-01,747,"U.S. Postal Service"
"90919120",2008-07-01,754.1,"U.S. Postal Service"
"90919120",2008-08-01,740.8,"U.S. Postal Service"
"90919120",2008-09-01,738.7,"U.S. Postal Service"
"90919120",2008-10-01,744.7,"U.S. Postal Service"
"90919120",2008-11-01,733.2,"U.S. Postal Service"
"90919120",2008-12-01,737,"U.S. Postal Service"
"90919120",2009-01-01,736.3,"U.S. Postal Service"
"90919120",2009-02-01,721.8,"U.S. Postal Service"
"90919120",2009-03-01,717.5,"U.S. Postal Service"
"90919120",2009-04-01,723.1,"U.S. Postal Service"
"90919120",2009-05-01,705.1,"U.S. Postal Service"
"90919120",2009-06-01,700.9,"U.S. Postal Service"
"90919120",2009-07-01,712,"U.S. Postal Service"
"90919120",2009-08-01,690.7,"U.S. Postal Service"
"90919120",2009-09-01,688,"U.S. Postal Service"
"90919120",2009-10-01,695.9,"U.S. Postal Service"
"90919120",2009-11-01,681.4,"U.S. Postal Service"
"90919120",2009-12-01,668,"U.S. Postal Service"
"90919120",2010-01-01,685.2,"U.S. Postal Service"
"90919120",2010-02-01,662.6,"U.S. Postal Service"
"90919120",2010-03-01,661.2,"U.S. Postal Service"
"90919120",2010-04-01,664.4,"U.S. Postal Service"
"90919120",2010-05-01,656.3,"U.S. Postal Service"
"90919120",2010-06-01,654.8,"U.S. Postal Service"
"90919120",2010-07-01,661.2,"U.S. Postal Service"
"90919120",2010-08-01,651.7,"U.S. Postal Service"
"90919120",2010-09-01,650.6,"U.S. Postal Service"
"90919120",2010-10-01,655.1,"U.S. Postal Service"
"90919120",2010-11-01,647.9,"U.S. Postal Service"
"90919120",2010-12-01,651.3,"U.S. Postal Service"
"90919120",2011-01-01,644.4,"U.S. Postal Service"
"90919120",2011-02-01,638.5,"U.S. Postal Service"
"90919120",2011-03-01,636.6,"U.S. Postal Service"
"90919120",2011-04-01,641.7,"U.S. Postal Service"
"90919120",2011-05-01,633.2,"U.S. Postal Service"
"90919120",2011-06-01,629,"U.S. Postal Service"
"90919120",2011-07-01,637.2,"U.S. Postal Service"
"90919120",2011-08-01,623.6,"U.S. Postal Service"
"90919120",2011-09-01,617.1,"U.S. Postal Service"
"90919120",2011-10-01,628.6,"U.S. Postal Service"
"90919120",2011-11-01,618.4,"U.S. Postal Service"
"90919120",2011-12-01,622,"U.S. Postal Service"
"90919120",2012-01-01,618.4,"U.S. Postal Service"
"90919120",2012-02-01,614.7,"U.S. Postal Service"
"90919120",2012-03-01,613.6,"U.S. Postal Service"
"90919120",2012-04-01,621.9,"U.S. Postal Service"
"90919120",2012-05-01,612,"U.S. Postal Service"
"90919120",2012-06-01,610.6,"U.S. Postal Service"
"90919120",2012-07-01,612.9,"U.S. Postal Service"
"90919120",2012-08-01,608.7,"U.S. Postal Service"
"90919120",2012-09-01,601.6,"U.S. Postal Service"
"90919120",2012-10-01,611.4,"U.S. Postal Service"
"90919120",2012-11-01,599.8,"U.S. Postal Service"
"90919120",2012-12-01,608.2,"U.S. Postal Service"
"90919120",2013-01-01,600.6,"U.S. Postal Service"
"90919120",2013-02-01,605.2,"U.S. Postal Service"
"90919120",2013-03-01,588.7,"U.S. Postal Service"
"90919120",2013-04-01,608,"U.S. Postal Service"
"90919120",2013-05-01,589.2,"U.S. Postal Service"
"90919120",2013-06-01,589.3,"U.S. Postal Service"
"90919120",2013-07-01,591.3,"U.S. Postal Service"
"90919120",2013-08-01,590.8,"U.S. Postal Service"
"90919120",2013-09-01,590.2,"U.S. Postal Service"
"90919120",2013-10-01,590.8,"U.S. Postal Service"
"90919120",2013-11-01,591.1,"U.S. Postal Service"
"90919120",2013-12-01,604.1,"U.S. Postal Service"
"90919120",2014-01-01,591.1,"U.S. Postal Service"
"90919120",2014-02-01,587.6,"U.S. Postal Service"
"90919120",2014-03-01,588.2,"U.S. Postal Service"
"90919120",2014-04-01,599.7,"U.S. Postal Service"
"90919120",2014-05-01,589,"U.S. Postal Service"
"90919120",2014-06-01,589.9,"U.S. Postal Service"
"90919120",2014-07-01,589.2,"U.S. Postal Service"
"90919120",2014-08-01,591.7,"U.S. Postal Service"
"90919120",2014-09-01,591.9,"U.S. Postal Service"
"90919120",2014-10-01,591.6,"U.S. Postal Service"
"90919120",2014-11-01,594.7,"U.S. Postal Service"
"90919120",2014-12-01,611.2,"U.S. Postal Service"
"90919120",2015-01-01,592.5,"U.S. Postal Service"
"90919120",2015-02-01,593.1,"U.S. Postal Service"
"90919120",2015-03-01,592.7,"U.S. Postal Service"
"90919120",2015-04-01,606.2,"U.S. Postal Service"
"90919120",2015-05-01,592.2,"U.S. Postal Service"
"90919120",2015-06-01,592.4,"U.S. Postal Service"
"90919120",2015-07-01,593.3,"U.S. Postal Service"
"90919120",2015-08-01,592.5,"U.S. Postal Service"
"90919120",2015-09-01,593.8,"U.S. Postal Service"
"90919120",2015-10-01,593.1,"U.S. Postal Service"
"90919120",2015-11-01,599,"U.S. Postal Service"
"90919120",2015-12-01,621.7,"U.S. Postal Service"
"90919120",2016-01-01,595.5,"U.S. Postal Service"
"90919120",2016-02-01,602.1,"U.S. Postal Service"
"90919120",2016-03-01,604.6,"U.S. Postal Service"
"90919120",2016-04-01,602.2,"U.S. Postal Service"
"90919120",2016-05-01,607.3,"U.S. Postal Service"
"90919120",2016-06-01,609.1,"U.S. Postal Service"
"90919120",2016-07-01,605.9,"U.S. Postal Service"
"90919120",2016-08-01,609.1,"U.S. Postal Service"
"90919120",2016-09-01,611.3,"U.S. Postal Service"
"90919120",2016-10-01,609.9,"U.S. Postal Service"
"90919120",2016-11-01,611.9,"U.S. Postal Service"
"90919120",2016-12-01,637.4,"U.S. Postal Service"
"90919120",2017-01-01,611.3,"U.S. Postal Service"
"90919120",2017-02-01,614.6,"U.S. Postal Service"
"90919120",2017-03-01,615.6,"U.S. Postal Service"
"90919120",2017-04-01,614.1,"U.S. Postal Service"
