"Date","Industry","Value"
1990-01-01,"Warehousing and storage",0.406
1990-02-01,"Warehousing and storage",0.4063
1990-03-01,"Warehousing and storage",0.4069
1990-04-01,"Warehousing and storage",0.4072
1990-05-01,"Warehousing and storage",0.4068
1990-06-01,"Warehousing and storage",0.4073
1990-07-01,"Warehousing and storage",0.4076
1990-08-01,"Warehousing and storage",0.4066
1990-09-01,"Warehousing and storage",0.4083
1990-10-01,"Warehousing and storage",0.4063
1990-11-01,"Warehousing and storage",0.4057
1990-12-01,"Warehousing and storage",0.4052
1991-01-01,"Warehousing and storage",0.4046
1991-02-01,"Warehousing and storage",0.404
1991-03-01,"Warehousing and storage",0.4036
1991-04-01,"Warehousing and storage",0.4011
1991-05-01,"Warehousing and storage",0.4003
1991-06-01,"Warehousing and storage",0.4019
1991-07-01,"Warehousing and storage",0.4017
1991-08-01,"Warehousing and storage",0.4026
1991-09-01,"Warehousing and storage",0.4033
1991-10-01,"Warehousing and storage",0.4041
1991-11-01,"Warehousing and storage",0.4045
1991-12-01,"Warehousing and storage",0.406
1992-01-01,"Warehousing and storage",0.4045
1992-02-01,"Warehousing and storage",0.4041
1992-03-01,"Warehousing and storage",0.4039
1992-04-01,"Warehousing and storage",0.4045
1992-05-01,"Warehousing and storage",0.4053
1992-06-01,"Warehousing and storage",0.4059
1992-07-01,"Warehousing and storage",0.4058
1992-08-01,"Warehousing and storage",0.4065
1992-09-01,"Warehousing and storage",0.4077
1992-10-01,"Warehousing and storage",0.4064
1992-11-01,"Warehousing and storage",0.4069
1992-12-01,"Warehousing and storage",0.4083
1993-01-01,"Warehousing and storage",0.4098
1993-02-01,"Warehousing and storage",0.4102
1993-03-01,"Warehousing and storage",0.4107
1993-04-01,"Warehousing and storage",0.4117
1993-05-01,"Warehousing and storage",0.4127
1993-06-01,"Warehousing and storage",0.4127
1993-07-01,"Warehousing and storage",0.4137
1993-08-01,"Warehousing and storage",0.414
1993-09-01,"Warehousing and storage",0.4147
1993-10-01,"Warehousing and storage",0.4169
1993-11-01,"Warehousing and storage",0.417
1993-12-01,"Warehousing and storage",0.4169
1994-01-01,"Warehousing and storage",0.4191
1994-02-01,"Warehousing and storage",0.4222
1994-03-01,"Warehousing and storage",0.425
1994-04-01,"Warehousing and storage",0.4266
1994-05-01,"Warehousing and storage",0.4275
1994-06-01,"Warehousing and storage",0.4292
1994-07-01,"Warehousing and storage",0.4317
1994-08-01,"Warehousing and storage",0.4334
1994-09-01,"Warehousing and storage",0.4364
1994-10-01,"Warehousing and storage",0.4382
1994-11-01,"Warehousing and storage",0.4402
1994-12-01,"Warehousing and storage",0.4409
1995-01-01,"Warehousing and storage",0.4416
1995-02-01,"Warehousing and storage",0.4419
1995-03-01,"Warehousing and storage",0.4416
1995-04-01,"Warehousing and storage",0.4423
1995-05-01,"Warehousing and storage",0.443
1995-06-01,"Warehousing and storage",0.4439
1995-07-01,"Warehousing and storage",0.4439
1995-08-01,"Warehousing and storage",0.4452
1995-09-01,"Warehousing and storage",0.4451
1995-10-01,"Warehousing and storage",0.4447
1995-11-01,"Warehousing and storage",0.4462
1995-12-01,"Warehousing and storage",0.4471
1996-01-01,"Warehousing and storage",0.448
1996-02-01,"Warehousing and storage",0.4494
1996-03-01,"Warehousing and storage",0.4496
1996-04-01,"Warehousing and storage",0.4497
1996-05-01,"Warehousing and storage",0.4514
1996-06-01,"Warehousing and storage",0.4525
1996-07-01,"Warehousing and storage",0.4526
1996-08-01,"Warehousing and storage",0.4511
1996-09-01,"Warehousing and storage",0.4524
1996-10-01,"Warehousing and storage",0.4535
1996-11-01,"Warehousing and storage",0.4557
1996-12-01,"Warehousing and storage",0.4552
1997-01-01,"Warehousing and storage",0.4553
1997-02-01,"Warehousing and storage",0.4561
1997-03-01,"Warehousing and storage",0.458
1997-04-01,"Warehousing and storage",0.4587
1997-05-01,"Warehousing and storage",0.459
1997-06-01,"Warehousing and storage",0.4603
1997-07-01,"Warehousing and storage",0.462
1997-08-01,"Warehousing and storage",0.4629
1997-09-01,"Warehousing and storage",0.4645
1997-10-01,"Warehousing and storage",0.4662
1997-11-01,"Warehousing and storage",0.4671
1997-12-01,"Warehousing and storage",0.4679
1998-01-01,"Warehousing and storage",0.4689
1998-02-01,"Warehousing and storage",0.4683
1998-03-01,"Warehousing and storage",0.4699
1998-04-01,"Warehousing and storage",0.4703
1998-05-01,"Warehousing and storage",0.4721
1998-06-01,"Warehousing and storage",0.4728
1998-07-01,"Warehousing and storage",0.474
1998-08-01,"Warehousing and storage",0.4763
1998-09-01,"Warehousing and storage",0.4782
1998-10-01,"Warehousing and storage",0.4795
1998-11-01,"Warehousing and storage",0.4808
1998-12-01,"Warehousing and storage",0.4824
1999-01-01,"Warehousing and storage",0.4844
1999-02-01,"Warehousing and storage",0.486
1999-03-01,"Warehousing and storage",0.4872
1999-04-01,"Warehousing and storage",0.4898
1999-05-01,"Warehousing and storage",0.4912
1999-06-01,"Warehousing and storage",0.4929
1999-07-01,"Warehousing and storage",0.4941
1999-08-01,"Warehousing and storage",0.4958
1999-09-01,"Warehousing and storage",0.4983
1999-10-01,"Warehousing and storage",0.5012
1999-11-01,"Warehousing and storage",0.5036
1999-12-01,"Warehousing and storage",0.5053
2000-01-01,"Warehousing and storage",0.5066
2000-02-01,"Warehousing and storage",0.5075
2000-03-01,"Warehousing and storage",0.5096
2000-04-01,"Warehousing and storage",0.5111
2000-05-01,"Warehousing and storage",0.5112
2000-06-01,"Warehousing and storage",0.5153
2000-07-01,"Warehousing and storage",0.5162
2000-08-01,"Warehousing and storage",0.5174
2000-09-01,"Warehousing and storage",0.5181
2000-10-01,"Warehousing and storage",0.5186
2000-11-01,"Warehousing and storage",0.5213
2000-12-01,"Warehousing and storage",0.5247
2001-01-01,"Warehousing and storage",0.5212
2001-02-01,"Warehousing and storage",0.5194
2001-03-01,"Warehousing and storage",0.5208
2001-04-01,"Warehousing and storage",0.5206
2001-05-01,"Warehousing and storage",0.5201
2001-06-01,"Warehousing and storage",0.5159
2001-07-01,"Warehousing and storage",0.5158
2001-08-01,"Warehousing and storage",0.5143
2001-09-01,"Warehousing and storage",0.5087
2001-10-01,"Warehousing and storage",0.5052
2001-11-01,"Warehousing and storage",0.5016
2001-12-01,"Warehousing and storage",0.5042
2002-01-01,"Warehousing and storage",0.5076
2002-02-01,"Warehousing and storage",0.5138
2002-03-01,"Warehousing and storage",0.5101
2002-04-01,"Warehousing and storage",0.5102
2002-05-01,"Warehousing and storage",0.5126
2002-06-01,"Warehousing and storage",0.5153
2002-07-01,"Warehousing and storage",0.5142
2002-08-01,"Warehousing and storage",0.5204
2002-09-01,"Warehousing and storage",0.5224
2002-10-01,"Warehousing and storage",0.524
2002-11-01,"Warehousing and storage",0.525
2002-12-01,"Warehousing and storage",0.5249
2003-01-01,"Warehousing and storage",0.5217
2003-02-01,"Warehousing and storage",0.528
2003-03-01,"Warehousing and storage",0.5233
2003-04-01,"Warehousing and storage",0.5252
2003-05-01,"Warehousing and storage",0.5254
2003-06-01,"Warehousing and storage",0.5251
2003-07-01,"Warehousing and storage",0.5268
2003-08-01,"Warehousing and storage",0.5278
2003-09-01,"Warehousing and storage",0.5315
2003-10-01,"Warehousing and storage",0.5348
2003-11-01,"Warehousing and storage",0.5357
2003-12-01,"Warehousing and storage",0.5307
2004-01-01,"Warehousing and storage",0.5429
2004-02-01,"Warehousing and storage",0.5449
2004-03-01,"Warehousing and storage",0.5521
2004-04-01,"Warehousing and storage",0.5543
2004-05-01,"Warehousing and storage",0.5522
2004-06-01,"Warehousing and storage",0.5546
2004-07-01,"Warehousing and storage",0.5576
2004-08-01,"Warehousing and storage",0.5592
2004-09-01,"Warehousing and storage",0.5635
2004-10-01,"Warehousing and storage",0.5727
2004-11-01,"Warehousing and storage",0.5709
2004-12-01,"Warehousing and storage",0.572
2005-01-01,"Warehousing and storage",0.5747
2005-02-01,"Warehousing and storage",0.578
2005-03-01,"Warehousing and storage",0.581
2005-04-01,"Warehousing and storage",0.5833
2005-05-01,"Warehousing and storage",0.5879
2005-06-01,"Warehousing and storage",0.5963
2005-07-01,"Warehousing and storage",0.597
2005-08-01,"Warehousing and storage",0.6015
2005-09-01,"Warehousing and storage",0.6053
2005-10-01,"Warehousing and storage",0.6062
2005-11-01,"Warehousing and storage",0.6106
2005-12-01,"Warehousing and storage",0.6159
2006-01-01,"Warehousing and storage",0.6203
2006-02-01,"Warehousing and storage",0.6253
2006-03-01,"Warehousing and storage",0.6266
2006-04-01,"Warehousing and storage",0.6298
2006-05-01,"Warehousing and storage",0.6344
2006-06-01,"Warehousing and storage",0.6378
2006-07-01,"Warehousing and storage",0.6418
2006-08-01,"Warehousing and storage",0.6437
2006-09-01,"Warehousing and storage",0.6444
2006-10-01,"Warehousing and storage",0.6468
2006-11-01,"Warehousing and storage",0.651
2006-12-01,"Warehousing and storage",0.6566
2007-01-01,"Warehousing and storage",0.6567
2007-02-01,"Warehousing and storage",0.6565
2007-03-01,"Warehousing and storage",0.6561
2007-04-01,"Warehousing and storage",0.6597
2007-05-01,"Warehousing and storage",0.6635
2007-06-01,"Warehousing and storage",0.6636
2007-07-01,"Warehousing and storage",0.6646
2007-08-01,"Warehousing and storage",0.6642
2007-09-01,"Warehousing and storage",0.6707
2007-10-01,"Warehousing and storage",0.6762
2007-11-01,"Warehousing and storage",0.6766
2007-12-01,"Warehousing and storage",0.6758
2008-01-01,"Warehousing and storage",0.6747
2008-02-01,"Warehousing and storage",0.6749
2008-03-01,"Warehousing and storage",0.6769
2008-04-01,"Warehousing and storage",0.679
2008-05-01,"Warehousing and storage",0.6763
2008-06-01,"Warehousing and storage",0.676
2008-07-01,"Warehousing and storage",0.6748
2008-08-01,"Warehousing and storage",0.6732
2008-09-01,"Warehousing and storage",0.6693
2008-10-01,"Warehousing and storage",0.6685
2008-11-01,"Warehousing and storage",0.6623
2008-12-01,"Warehousing and storage",0.6574
2009-01-01,"Warehousing and storage",0.6543
2009-02-01,"Warehousing and storage",0.6506
2009-03-01,"Warehousing and storage",0.65
2009-04-01,"Warehousing and storage",0.6432
2009-05-01,"Warehousing and storage",0.6392
2009-06-01,"Warehousing and storage",0.6381
2009-07-01,"Warehousing and storage",0.6349
2009-08-01,"Warehousing and storage",0.6324
2009-09-01,"Warehousing and storage",0.6294
2009-10-01,"Warehousing and storage",0.6245
2009-11-01,"Warehousing and storage",0.6227
2009-12-01,"Warehousing and storage",0.6205
2010-01-01,"Warehousing and storage",0.6227
2010-02-01,"Warehousing and storage",0.625
2010-03-01,"Warehousing and storage",0.6306
2010-04-01,"Warehousing and storage",0.6309
2010-05-01,"Warehousing and storage",0.6332
2010-06-01,"Warehousing and storage",0.636
2010-07-01,"Warehousing and storage",0.633
2010-08-01,"Warehousing and storage",0.6329
2010-09-01,"Warehousing and storage",0.6353
2010-10-01,"Warehousing and storage",0.6373
2010-11-01,"Warehousing and storage",0.64
2010-12-01,"Warehousing and storage",0.6419
2011-01-01,"Warehousing and storage",0.6435
2011-02-01,"Warehousing and storage",0.6445
2011-03-01,"Warehousing and storage",0.6448
2011-04-01,"Warehousing and storage",0.6472
2011-05-01,"Warehousing and storage",0.6488
2011-06-01,"Warehousing and storage",0.6528
2011-07-01,"Warehousing and storage",0.6549
2011-08-01,"Warehousing and storage",0.6573
2011-09-01,"Warehousing and storage",0.6598
2011-10-01,"Warehousing and storage",0.6603
2011-11-01,"Warehousing and storage",0.6609
2011-12-01,"Warehousing and storage",0.665
2012-01-01,"Warehousing and storage",0.6681
2012-02-01,"Warehousing and storage",0.6715
2012-03-01,"Warehousing and storage",0.6739
2012-04-01,"Warehousing and storage",0.6778
2012-05-01,"Warehousing and storage",0.6833
2012-06-01,"Warehousing and storage",0.6862
2012-07-01,"Warehousing and storage",0.6887
2012-08-01,"Warehousing and storage",0.6916
2012-09-01,"Warehousing and storage",0.6956
2012-10-01,"Warehousing and storage",0.6985
2012-11-01,"Warehousing and storage",0.7015
2012-12-01,"Warehousing and storage",0.7071
2013-01-01,"Warehousing and storage",0.7049
2013-02-01,"Warehousing and storage",0.7026
2013-03-01,"Warehousing and storage",0.705
2013-04-01,"Warehousing and storage",0.7044
2013-05-01,"Warehousing and storage",0.7031
2013-06-01,"Warehousing and storage",0.7047
2013-07-01,"Warehousing and storage",0.7074
2013-08-01,"Warehousing and storage",0.7122
2013-09-01,"Warehousing and storage",0.7191
2013-10-01,"Warehousing and storage",0.7197
2013-11-01,"Warehousing and storage",0.7227
2013-12-01,"Warehousing and storage",0.7237
2014-01-01,"Warehousing and storage",0.7236
2014-02-01,"Warehousing and storage",0.7273
2014-03-01,"Warehousing and storage",0.7316
2014-04-01,"Warehousing and storage",0.7346
2014-05-01,"Warehousing and storage",0.7417
2014-06-01,"Warehousing and storage",0.7482
2014-07-01,"Warehousing and storage",0.7541
2014-08-01,"Warehousing and storage",0.7585
2014-09-01,"Warehousing and storage",0.7616
2014-10-01,"Warehousing and storage",0.7639
2014-11-01,"Warehousing and storage",0.7705
2014-12-01,"Warehousing and storage",0.7738
2015-01-01,"Warehousing and storage",0.781
2015-02-01,"Warehousing and storage",0.7925
2015-03-01,"Warehousing and storage",0.7975
2015-04-01,"Warehousing and storage",0.8037
2015-05-01,"Warehousing and storage",0.8121
2015-06-01,"Warehousing and storage",0.8228
2015-07-01,"Warehousing and storage",0.8343
2015-08-01,"Warehousing and storage",0.841
2015-09-01,"Warehousing and storage",0.8493
2015-10-01,"Warehousing and storage",0.8598
2015-11-01,"Warehousing and storage",0.8671
2015-12-01,"Warehousing and storage",0.88
2016-01-01,"Warehousing and storage",0.8862
2016-02-01,"Warehousing and storage",0.8921
2016-03-01,"Warehousing and storage",0.898
2016-04-01,"Warehousing and storage",0.9053
2016-05-01,"Warehousing and storage",0.9104
2016-06-01,"Warehousing and storage",0.913
2016-07-01,"Warehousing and storage",0.916
2016-08-01,"Warehousing and storage",0.9207
2016-09-01,"Warehousing and storage",0.926
2016-10-01,"Warehousing and storage",0.9317
2016-11-01,"Warehousing and storage",0.9396
2016-12-01,"Warehousing and storage",0.9428
2017-01-01,"Warehousing and storage",0.9474
2017-02-01,"Warehousing and storage",0.9459
2017-03-01,"Warehousing and storage",0.9462
2017-04-01,"Warehousing and storage",0.9487
1939-01-01,"U.S. Postal Service",0.3159
1939-02-01,"U.S. Postal Service",0.3153
1939-03-01,"U.S. Postal Service",0.314
1939-04-01,"U.S. Postal Service",0.3168
1939-05-01,"U.S. Postal Service",0.3153
1939-06-01,"U.S. Postal Service",0.3172
1939-07-01,"U.S. Postal Service",0.3195
1939-08-01,"U.S. Postal Service",0.3198
1939-09-01,"U.S. Postal Service",0.3205
1939-10-01,"U.S. Postal Service",0.3207
1939-11-01,"U.S. Postal Service",0.3189
1939-12-01,"U.S. Postal Service",0.3499
1940-01-01,"U.S. Postal Service",0.3196
1940-02-01,"U.S. Postal Service",0.3223
1940-03-01,"U.S. Postal Service",0.323
1940-04-01,"U.S. Postal Service",0.3219
1940-05-01,"U.S. Postal Service",0.3245
1940-06-01,"U.S. Postal Service",0.3267
1940-07-01,"U.S. Postal Service",0.3258
1940-08-01,"U.S. Postal Service",0.327
1940-09-01,"U.S. Postal Service",0.3278
1940-10-01,"U.S. Postal Service",0.3277
1940-11-01,"U.S. Postal Service",0.3276
1940-12-01,"U.S. Postal Service",0.3658
1941-01-01,"U.S. Postal Service",0.3294
1941-02-01,"U.S. Postal Service",0.3302
1941-03-01,"U.S. Postal Service",0.3319
1941-04-01,"U.S. Postal Service",0.3342
1941-05-01,"U.S. Postal Service",0.3357
1941-06-01,"U.S. Postal Service",0.3385
1941-07-01,"U.S. Postal Service",0.3393
1941-08-01,"U.S. Postal Service",0.3404
1941-09-01,"U.S. Postal Service",0.3414
1941-10-01,"U.S. Postal Service",0.3396
1941-11-01,"U.S. Postal Service",0.3411
1941-12-01,"U.S. Postal Service",0.3776
1942-01-01,"U.S. Postal Service",0.3444
1942-02-01,"U.S. Postal Service",0.3423
1942-03-01,"U.S. Postal Service",0.344
1942-04-01,"U.S. Postal Service",0.342
1942-05-01,"U.S. Postal Service",0.344
1942-06-01,"U.S. Postal Service",0.3424
1942-07-01,"U.S. Postal Service",0.3416
1942-08-01,"U.S. Postal Service",0.3407
1942-09-01,"U.S. Postal Service",0.3399
1942-10-01,"U.S. Postal Service",0.3403
1942-11-01,"U.S. Postal Service",0.3465
1942-12-01,"U.S. Postal Service",0.405
1943-01-01,"U.S. Postal Service",0.3456
1943-02-01,"U.S. Postal Service",0.3442
1943-03-01,"U.S. Postal Service",0.3439
1943-04-01,"U.S. Postal Service",0.3384
1943-05-01,"U.S. Postal Service",0.3398
1943-06-01,"U.S. Postal Service",0.3439
1943-07-01,"U.S. Postal Service",0.3439
1943-08-01,"U.S. Postal Service",0.3511
1943-09-01,"U.S. Postal Service",0.3556
1943-10-01,"U.S. Postal Service",0.3663
1943-11-01,"U.S. Postal Service",0.37
1943-12-01,"U.S. Postal Service",0.5636
1944-01-01,"U.S. Postal Service",0.3694
1944-02-01,"U.S. Postal Service",0.3717
1944-03-01,"U.S. Postal Service",0.3712
1944-04-01,"U.S. Postal Service",0.3759
1944-05-01,"U.S. Postal Service",0.3742
1944-06-01,"U.S. Postal Service",0.3805
1944-07-01,"U.S. Postal Service",0.3872
1944-08-01,"U.S. Postal Service",0.3928
1944-09-01,"U.S. Postal Service",0.3967
1944-10-01,"U.S. Postal Service",0.4015
1944-11-01,"U.S. Postal Service",0.4049
1944-12-01,"U.S. Postal Service",0.6477
1945-01-01,"U.S. Postal Service",0.4078
1945-02-01,"U.S. Postal Service",0.4113
1945-03-01,"U.S. Postal Service",0.4147
1945-04-01,"U.S. Postal Service",0.4171
1945-05-01,"U.S. Postal Service",0.4194
1945-06-01,"U.S. Postal Service",0.4215
1945-07-01,"U.S. Postal Service",0.4254
1945-08-01,"U.S. Postal Service",0.4275
1945-09-01,"U.S. Postal Service",0.4297
1945-10-01,"U.S. Postal Service",0.4319
1945-11-01,"U.S. Postal Service",0.4331
1945-12-01,"U.S. Postal Service",0.6233
1946-01-01,"U.S. Postal Service",0.4422
1946-02-01,"U.S. Postal Service",0.4479
1946-03-01,"U.S. Postal Service",0.4518
1946-04-01,"U.S. Postal Service",0.4574
1946-05-01,"U.S. Postal Service",0.4583
1946-06-01,"U.S. Postal Service",0.4589
1946-07-01,"U.S. Postal Service",0.4565
1946-08-01,"U.S. Postal Service",0.4551
1946-09-01,"U.S. Postal Service",0.4536
1946-10-01,"U.S. Postal Service",0.4515
1946-11-01,"U.S. Postal Service",0.4474
1946-12-01,"U.S. Postal Service",0.6792
1947-01-01,"U.S. Postal Service",0.4478
1947-02-01,"U.S. Postal Service",0.448
1947-03-01,"U.S. Postal Service",0.4494
1947-04-01,"U.S. Postal Service",0.4498
1947-05-01,"U.S. Postal Service",0.4514
1947-06-01,"U.S. Postal Service",0.4488
1947-07-01,"U.S. Postal Service",0.4465
1947-08-01,"U.S. Postal Service",0.4454
1947-09-01,"U.S. Postal Service",0.447
1947-10-01,"U.S. Postal Service",0.4511
1947-11-01,"U.S. Postal Service",0.4534
1947-12-01,"U.S. Postal Service",0.6969
1948-01-01,"U.S. Postal Service",0.4549
1948-02-01,"U.S. Postal Service",0.4601
1948-03-01,"U.S. Postal Service",0.4663
1948-04-01,"U.S. Postal Service",0.4668
1948-05-01,"U.S. Postal Service",0.4682
1948-06-01,"U.S. Postal Service",0.4777
1948-07-01,"U.S. Postal Service",0.479
1948-08-01,"U.S. Postal Service",0.4832
1948-09-01,"U.S. Postal Service",0.4859
1948-10-01,"U.S. Postal Service",0.4821
1948-11-01,"U.S. Postal Service",0.4913
1948-12-01,"U.S. Postal Service",0.7446
1949-01-01,"U.S. Postal Service",0.4974
1949-02-01,"U.S. Postal Service",0.4962
1949-03-01,"U.S. Postal Service",0.4964
1949-04-01,"U.S. Postal Service",0.4973
1949-05-01,"U.S. Postal Service",0.5024
1949-06-01,"U.S. Postal Service",0.505
1949-07-01,"U.S. Postal Service",0.5076
1949-08-01,"U.S. Postal Service",0.5088
1949-09-01,"U.S. Postal Service",0.5084
1949-10-01,"U.S. Postal Service",0.5069
1949-11-01,"U.S. Postal Service",0.505
1949-12-01,"U.S. Postal Service",0.7784
1950-01-01,"U.S. Postal Service",0.502
1950-02-01,"U.S. Postal Service",0.5012
1950-03-01,"U.S. Postal Service",0.5002
1950-04-01,"U.S. Postal Service",0.4965
1950-05-01,"U.S. Postal Service",0.4937
1950-06-01,"U.S. Postal Service",0.4878
1950-07-01,"U.S. Postal Service",0.4828
1950-08-01,"U.S. Postal Service",0.4824
1950-09-01,"U.S. Postal Service",0.4825
1950-10-01,"U.S. Postal Service",0.4816
1950-11-01,"U.S. Postal Service",0.4849
1950-12-01,"U.S. Postal Service",0.7823
1951-01-01,"U.S. Postal Service",0.4848
1951-02-01,"U.S. Postal Service",0.4855
1951-03-01,"U.S. Postal Service",0.4848
1951-04-01,"U.S. Postal Service",0.4872
1951-05-01,"U.S. Postal Service",0.4875
1951-06-01,"U.S. Postal Service",0.4854
1951-07-01,"U.S. Postal Service",0.4917
1951-08-01,"U.S. Postal Service",0.4935
1951-09-01,"U.S. Postal Service",0.4944
1951-10-01,"U.S. Postal Service",0.4959
1951-11-01,"U.S. Postal Service",0.4996
1951-12-01,"U.S. Postal Service",0.8467
1952-01-01,"U.S. Postal Service",0.5014
1952-02-01,"U.S. Postal Service",0.5055
1952-03-01,"U.S. Postal Service",0.507
1952-04-01,"U.S. Postal Service",0.5072
1952-05-01,"U.S. Postal Service",0.5094
1952-06-01,"U.S. Postal Service",0.5107
1952-07-01,"U.S. Postal Service",0.5123
1952-08-01,"U.S. Postal Service",0.5133
1952-09-01,"U.S. Postal Service",0.5148
1952-10-01,"U.S. Postal Service",0.5161
1952-11-01,"U.S. Postal Service",0.5118
1952-12-01,"U.S. Postal Service",0.8759
1953-01-01,"U.S. Postal Service",0.5089
1953-02-01,"U.S. Postal Service",0.5095
1953-03-01,"U.S. Postal Service",0.5118
1953-04-01,"U.S. Postal Service",0.5122
1953-05-01,"U.S. Postal Service",0.5138
1953-06-01,"U.S. Postal Service",0.5092
1953-07-01,"U.S. Postal Service",0.5041
1953-08-01,"U.S. Postal Service",0.5013
1953-09-01,"U.S. Postal Service",0.5051
1953-10-01,"U.S. Postal Service",0.5062
1953-11-01,"U.S. Postal Service",0.5075
1953-12-01,"U.S. Postal Service",0.7599
1954-01-01,"U.S. Postal Service",0.5102
1954-02-01,"U.S. Postal Service",0.5077
1954-03-01,"U.S. Postal Service",0.507
1954-04-01,"U.S. Postal Service",0.5076
1954-05-01,"U.S. Postal Service",0.5091
1954-06-01,"U.S. Postal Service",0.5096
1954-07-01,"U.S. Postal Service",0.513
1954-08-01,"U.S. Postal Service",0.5118
1954-09-01,"U.S. Postal Service",0.511
1954-10-01,"U.S. Postal Service",0.5096
1954-11-01,"U.S. Postal Service",0.509
1954-12-01,"U.S. Postal Service",0.7748
1955-01-01,"U.S. Postal Service",0.5101
1955-02-01,"U.S. Postal Service",0.5091
1955-03-01,"U.S. Postal Service",0.5086
1955-04-01,"U.S. Postal Service",0.5102
1955-05-01,"U.S. Postal Service",0.5111
1955-06-01,"U.S. Postal Service",0.5143
1955-07-01,"U.S. Postal Service",0.5161
1955-08-01,"U.S. Postal Service",0.516
1955-09-01,"U.S. Postal Service",0.5136
1955-10-01,"U.S. Postal Service",0.5136
1955-11-01,"U.S. Postal Service",0.5113
1955-12-01,"U.S. Postal Service",0.7575
1956-01-01,"U.S. Postal Service",0.5137
1956-02-01,"U.S. Postal Service",0.5161
1956-03-01,"U.S. Postal Service",0.5162
1956-04-01,"U.S. Postal Service",0.5157
1956-05-01,"U.S. Postal Service",0.5179
1956-06-01,"U.S. Postal Service",0.5114
1956-07-01,"U.S. Postal Service",0.5155
1956-08-01,"U.S. Postal Service",0.5151
1956-09-01,"U.S. Postal Service",0.5186
1956-10-01,"U.S. Postal Service",0.5209
1956-11-01,"U.S. Postal Service",0.5216
1956-12-01,"U.S. Postal Service",0.7714
1957-01-01,"U.S. Postal Service",0.5242
1957-02-01,"U.S. Postal Service",0.5261
1957-03-01,"U.S. Postal Service",0.5293
1957-04-01,"U.S. Postal Service",0.5291
1957-05-01,"U.S. Postal Service",0.531
1957-06-01,"U.S. Postal Service",0.5244
1957-07-01,"U.S. Postal Service",0.5266
1957-08-01,"U.S. Postal Service",0.5267
1957-09-01,"U.S. Postal Service",0.5304
1957-10-01,"U.S. Postal Service",0.5331
1957-11-01,"U.S. Postal Service",0.5362
1957-12-01,"U.S. Postal Service",0.8283
1958-01-01,"U.S. Postal Service",0.5385
1958-02-01,"U.S. Postal Service",0.5393
1958-03-01,"U.S. Postal Service",0.5391
1958-04-01,"U.S. Postal Service",0.5386
1958-05-01,"U.S. Postal Service",0.5374
1958-06-01,"U.S. Postal Service",0.5417
1958-07-01,"U.S. Postal Service",0.5437
1958-08-01,"U.S. Postal Service",0.5457
1958-09-01,"U.S. Postal Service",0.5453
1958-10-01,"U.S. Postal Service",0.5451
1958-11-01,"U.S. Postal Service",0.5447
1958-12-01,"U.S. Postal Service",0.8251
1959-01-01,"U.S. Postal Service",0.5479
1959-02-01,"U.S. Postal Service",0.5483
1959-03-01,"U.S. Postal Service",0.551
1959-04-01,"U.S. Postal Service",0.5518
1959-05-01,"U.S. Postal Service",0.5538
1959-06-01,"U.S. Postal Service",0.5544
1959-07-01,"U.S. Postal Service",0.555
1959-08-01,"U.S. Postal Service",0.5561
1959-09-01,"U.S. Postal Service",0.5579
1959-10-01,"U.S. Postal Service",0.5592
1959-11-01,"U.S. Postal Service",0.561
1959-12-01,"U.S. Postal Service",0.8296
1960-01-01,"U.S. Postal Service",0.5624
1960-02-01,"U.S. Postal Service",0.5633
1960-03-01,"U.S. Postal Service",0.5631
1960-04-01,"U.S. Postal Service",0.5639
1960-05-01,"U.S. Postal Service",0.5645
1960-06-01,"U.S. Postal Service",0.5671
1960-07-01,"U.S. Postal Service",0.5699
1960-08-01,"U.S. Postal Service",0.5707
1960-09-01,"U.S. Postal Service",0.5732
1960-10-01,"U.S. Postal Service",0.5732
1960-11-01,"U.S. Postal Service",0.5738
1960-12-01,"U.S. Postal Service",0.8299
1961-01-01,"U.S. Postal Service",0.5749
1961-02-01,"U.S. Postal Service",0.5756
1961-03-01,"U.S. Postal Service",0.5781
1961-04-01,"U.S. Postal Service",0.5817
1961-05-01,"U.S. Postal Service",0.5833
1961-06-01,"U.S. Postal Service",0.5863
1961-07-01,"U.S. Postal Service",0.5895
1961-08-01,"U.S. Postal Service",0.5892
1961-09-01,"U.S. Postal Service",0.59
1961-10-01,"U.S. Postal Service",0.5859
1961-11-01,"U.S. Postal Service",0.5879
1961-12-01,"U.S. Postal Service",0.7774
1962-01-01,"U.S. Postal Service",0.5875
1962-02-01,"U.S. Postal Service",0.5886
1962-03-01,"U.S. Postal Service",0.5891
1962-04-01,"U.S. Postal Service",0.5893
1962-05-01,"U.S. Postal Service",0.5916
1962-06-01,"U.S. Postal Service",0.592
1962-07-01,"U.S. Postal Service",0.5925
1962-08-01,"U.S. Postal Service",0.5913
1962-09-01,"U.S. Postal Service",0.5936
1962-10-01,"U.S. Postal Service",0.591
1962-11-01,"U.S. Postal Service",0.5902
1962-12-01,"U.S. Postal Service",0.7131
1963-01-01,"U.S. Postal Service",0.5911
1963-02-01,"U.S. Postal Service",0.5912
1963-03-01,"U.S. Postal Service",0.5925
1963-04-01,"U.S. Postal Service",0.592
1963-05-01,"U.S. Postal Service",0.5918
1963-06-01,"U.S. Postal Service",0.5904
1963-07-01,"U.S. Postal Service",0.5911
1963-08-01,"U.S. Postal Service",0.5906
1963-09-01,"U.S. Postal Service",0.5937
1963-10-01,"U.S. Postal Service",0.596
1963-11-01,"U.S. Postal Service",0.5958
1963-12-01,"U.S. Postal Service",0.7084
1964-01-01,"U.S. Postal Service",0.5968
1964-02-01,"U.S. Postal Service",0.5965
1964-03-01,"U.S. Postal Service",0.5963
1964-04-01,"U.S. Postal Service",0.5952
1964-05-01,"U.S. Postal Service",0.594
1964-06-01,"U.S. Postal Service",0.5881
1964-07-01,"U.S. Postal Service",0.5886
1964-08-01,"U.S. Postal Service",0.5932
1964-09-01,"U.S. Postal Service",0.5914
1964-10-01,"U.S. Postal Service",0.5997
1964-11-01,"U.S. Postal Service",0.5988
1964-12-01,"U.S. Postal Service",0.7049
1965-01-01,"U.S. Postal Service",0.6011
1965-02-01,"U.S. Postal Service",0.6009
1965-03-01,"U.S. Postal Service",0.603
1965-04-01,"U.S. Postal Service",0.6035
1965-05-01,"U.S. Postal Service",0.6035
1965-06-01,"U.S. Postal Service",0.5977
1965-07-01,"U.S. Postal Service",0.6056
1965-08-01,"U.S. Postal Service",0.6093
1965-09-01,"U.S. Postal Service",0.6125
1965-10-01,"U.S. Postal Service",0.6168
1965-11-01,"U.S. Postal Service",0.6211
1965-12-01,"U.S. Postal Service",0.7402
1966-01-01,"U.S. Postal Service",0.633
1966-02-01,"U.S. Postal Service",0.6445
1966-03-01,"U.S. Postal Service",0.6517
1966-04-01,"U.S. Postal Service",0.6626
1966-05-01,"U.S. Postal Service",0.6704
1966-06-01,"U.S. Postal Service",0.6767
1966-07-01,"U.S. Postal Service",0.6838
1966-08-01,"U.S. Postal Service",0.6891
1966-09-01,"U.S. Postal Service",0.6936
1966-10-01,"U.S. Postal Service",0.7004
1966-11-01,"U.S. Postal Service",0.711
1966-12-01,"U.S. Postal Service",0.8043
1967-01-01,"U.S. Postal Service",0.7068
1967-02-01,"U.S. Postal Service",0.7024
1967-03-01,"U.S. Postal Service",0.7066
1967-04-01,"U.S. Postal Service",0.7077
1967-05-01,"U.S. Postal Service",0.7085
1967-06-01,"U.S. Postal Service",0.7165
1967-07-01,"U.S. Postal Service",0.7133
1967-08-01,"U.S. Postal Service",0.714
1967-09-01,"U.S. Postal Service",0.7137
1967-10-01,"U.S. Postal Service",0.7147
1967-11-01,"U.S. Postal Service",0.7145
1967-12-01,"U.S. Postal Service",0.8021
1968-01-01,"U.S. Postal Service",0.7237
1968-02-01,"U.S. Postal Service",0.7201
1968-03-01,"U.S. Postal Service",0.7204
1968-04-01,"U.S. Postal Service",0.7203
1968-05-01,"U.S. Postal Service",0.7189
1968-06-01,"U.S. Postal Service",0.73
1968-07-01,"U.S. Postal Service",0.7332
1968-08-01,"U.S. Postal Service",0.7302
1968-09-01,"U.S. Postal Service",0.7255
1968-10-01,"U.S. Postal Service",0.7245
1968-11-01,"U.S. Postal Service",0.7291
1968-12-01,"U.S. Postal Service",0.7655
1969-01-01,"U.S. Postal Service",0.7284
1969-02-01,"U.S. Postal Service",0.7308
1969-03-01,"U.S. Postal Service",0.7309
1969-04-01,"U.S. Postal Service",0.7311
1969-05-01,"U.S. Postal Service",0.7328
1969-06-01,"U.S. Postal Service",0.7376
1969-07-01,"U.S. Postal Service",0.7393
1969-08-01,"U.S. Postal Service",0.7406
1969-09-01,"U.S. Postal Service",0.7399
1969-10-01,"U.S. Postal Service",0.7397
1969-11-01,"U.S. Postal Service",0.7345
1969-12-01,"U.S. Postal Service",0.7648
1970-01-01,"U.S. Postal Service",0.7351
1970-02-01,"U.S. Postal Service",0.7359
1970-03-01,"U.S. Postal Service",0.7359
1970-04-01,"U.S. Postal Service",0.7362
1970-05-01,"U.S. Postal Service",0.7367
1970-06-01,"U.S. Postal Service",0.7398
1970-07-01,"U.S. Postal Service",0.7436
1970-08-01,"U.S. Postal Service",0.7404
1970-09-01,"U.S. Postal Service",0.7433
1970-10-01,"U.S. Postal Service",0.743
1970-11-01,"U.S. Postal Service",0.745
1970-12-01,"U.S. Postal Service",0.7599
1971-01-01,"U.S. Postal Service",0.7411
1971-02-01,"U.S. Postal Service",0.7389
1971-03-01,"U.S. Postal Service",0.7381
1971-04-01,"U.S. Postal Service",0.7362
1971-05-01,"U.S. Postal Service",0.734
1971-06-01,"U.S. Postal Service",0.728
1971-07-01,"U.S. Postal Service",0.7284
1971-08-01,"U.S. Postal Service",0.7291
1971-09-01,"U.S. Postal Service",0.7282
1971-10-01,"U.S. Postal Service",0.728
1971-11-01,"U.S. Postal Service",0.7252
1971-12-01,"U.S. Postal Service",0.7237
1972-01-01,"U.S. Postal Service",0.7253
1972-02-01,"U.S. Postal Service",0.7232
1972-03-01,"U.S. Postal Service",0.7232
1972-04-01,"U.S. Postal Service",0.7208
1972-05-01,"U.S. Postal Service",0.7154
1972-06-01,"U.S. Postal Service",0.706
1972-07-01,"U.S. Postal Service",0.6861
1972-08-01,"U.S. Postal Service",0.6866
1972-09-01,"U.S. Postal Service",0.6883
1972-10-01,"U.S. Postal Service",0.6863
1972-11-01,"U.S. Postal Service",0.684
1972-12-01,"U.S. Postal Service",0.6908
1973-01-01,"U.S. Postal Service",0.683
1973-02-01,"U.S. Postal Service",0.6883
1973-03-01,"U.S. Postal Service",0.6928
1973-04-01,"U.S. Postal Service",0.6917
1973-05-01,"U.S. Postal Service",0.6944
1973-06-01,"U.S. Postal Service",0.6981
1973-07-01,"U.S. Postal Service",0.6926
1973-08-01,"U.S. Postal Service",0.6971
1973-09-01,"U.S. Postal Service",0.7008
1973-10-01,"U.S. Postal Service",0.7033
1973-11-01,"U.S. Postal Service",0.7078
1973-12-01,"U.S. Postal Service",0.7226
1974-01-01,"U.S. Postal Service",0.7123
1974-02-01,"U.S. Postal Service",0.7116
1974-03-01,"U.S. Postal Service",0.7099
1974-04-01,"U.S. Postal Service",0.7094
1974-05-01,"U.S. Postal Service",0.7087
1974-06-01,"U.S. Postal Service",0.7077
1974-07-01,"U.S. Postal Service",0.7088
1974-08-01,"U.S. Postal Service",0.7085
1974-09-01,"U.S. Postal Service",0.7078
1974-10-01,"U.S. Postal Service",0.7091
1974-11-01,"U.S. Postal Service",0.7068
1974-12-01,"U.S. Postal Service",0.7155
1975-01-01,"U.S. Postal Service",0.7073
1975-02-01,"U.S. Postal Service",0.7036
1975-03-01,"U.S. Postal Service",0.703
1975-04-01,"U.S. Postal Service",0.7018
1975-05-01,"U.S. Postal Service",0.7018
1975-06-01,"U.S. Postal Service",0.7003
1975-07-01,"U.S. Postal Service",0.6998
1975-08-01,"U.S. Postal Service",0.6974
1975-09-01,"U.S. Postal Service",0.6971
1975-10-01,"U.S. Postal Service",0.693
1975-11-01,"U.S. Postal Service",0.6933
1975-12-01,"U.S. Postal Service",0.6884
1976-01-01,"U.S. Postal Service",0.6846
1976-02-01,"U.S. Postal Service",0.6851
1976-03-01,"U.S. Postal Service",0.6819
1976-04-01,"U.S. Postal Service",0.6792
1976-05-01,"U.S. Postal Service",0.6781
1976-06-01,"U.S. Postal Service",0.6782
1976-07-01,"U.S. Postal Service",0.6747
1976-08-01,"U.S. Postal Service",0.6734
1976-09-01,"U.S. Postal Service",0.6701
1976-10-01,"U.S. Postal Service",0.6684
1976-11-01,"U.S. Postal Service",0.6721
1976-12-01,"U.S. Postal Service",0.664
1977-01-01,"U.S. Postal Service",0.6564
1977-02-01,"U.S. Postal Service",0.6603
1977-03-01,"U.S. Postal Service",0.6603
1977-04-01,"U.S. Postal Service",0.6587
1977-05-01,"U.S. Postal Service",0.6574
1977-06-01,"U.S. Postal Service",0.6585
1977-07-01,"U.S. Postal Service",0.6583
1977-08-01,"U.S. Postal Service",0.6592
1977-09-01,"U.S. Postal Service",0.659
1977-10-01,"U.S. Postal Service",0.6568
1977-11-01,"U.S. Postal Service",0.6537
1977-12-01,"U.S. Postal Service",0.6453
1978-01-01,"U.S. Postal Service",0.6573
1978-02-01,"U.S. Postal Service",0.6562
1978-03-01,"U.S. Postal Service",0.6572
1978-04-01,"U.S. Postal Service",0.6575
1978-05-01,"U.S. Postal Service",0.6549
1978-06-01,"U.S. Postal Service",0.6515
1978-07-01,"U.S. Postal Service",0.6548
1978-08-01,"U.S. Postal Service",0.6549
1978-09-01,"U.S. Postal Service",0.6585
1978-10-01,"U.S. Postal Service",0.673
1978-11-01,"U.S. Postal Service",0.6738
1978-12-01,"U.S. Postal Service",0.6742
1979-01-01,"U.S. Postal Service",0.6692
1979-02-01,"U.S. Postal Service",0.67
1979-03-01,"U.S. Postal Service",0.6721
1979-04-01,"U.S. Postal Service",0.677
1979-05-01,"U.S. Postal Service",0.6789
1979-06-01,"U.S. Postal Service",0.6799
1979-07-01,"U.S. Postal Service",0.6752
1979-08-01,"U.S. Postal Service",0.6756
1979-09-01,"U.S. Postal Service",0.6729
1979-10-01,"U.S. Postal Service",0.6682
1979-11-01,"U.S. Postal Service",0.6702
1979-12-01,"U.S. Postal Service",0.6718
1980-01-01,"U.S. Postal Service",0.6723
1980-02-01,"U.S. Postal Service",0.6719
1980-03-01,"U.S. Postal Service",0.6717
1980-04-01,"U.S. Postal Service",0.6697
1980-05-01,"U.S. Postal Service",0.6723
1980-06-01,"U.S. Postal Service",0.6728
1980-07-01,"U.S. Postal Service",0.6768
1980-08-01,"U.S. Postal Service",0.6753
1980-09-01,"U.S. Postal Service",0.6756
1980-10-01,"U.S. Postal Service",0.6737
1980-11-01,"U.S. Postal Service",0.6727
1980-12-01,"U.S. Postal Service",0.6696
1981-01-01,"U.S. Postal Service",0.677
1981-02-01,"U.S. Postal Service",0.6713
1981-03-01,"U.S. Postal Service",0.6726
1981-04-01,"U.S. Postal Service",0.6728
1981-05-01,"U.S. Postal Service",0.6728
1981-06-01,"U.S. Postal Service",0.6733
1981-07-01,"U.S. Postal Service",0.6741
1981-08-01,"U.S. Postal Service",0.6753
1981-09-01,"U.S. Postal Service",0.6752
1981-10-01,"U.S. Postal Service",0.6835
1981-11-01,"U.S. Postal Service",0.6763
1981-12-01,"U.S. Postal Service",0.6745
1982-01-01,"U.S. Postal Service",0.7066
1982-02-01,"U.S. Postal Service",0.6822
1982-03-01,"U.S. Postal Service",0.6812
1982-04-01,"U.S. Postal Service",0.6822
1982-05-01,"U.S. Postal Service",0.6806
1982-06-01,"U.S. Postal Service",0.6797
1982-07-01,"U.S. Postal Service",0.6797
1982-08-01,"U.S. Postal Service",0.68
1982-09-01,"U.S. Postal Service",0.6813
1982-10-01,"U.S. Postal Service",0.6852
1982-11-01,"U.S. Postal Service",0.695
1982-12-01,"U.S. Postal Service",0.6775
1983-01-01,"U.S. Postal Service",0.6826
1983-02-01,"U.S. Postal Service",0.6824
1983-03-01,"U.S. Postal Service",0.6819
1983-04-01,"U.S. Postal Service",0.6803
1983-05-01,"U.S. Postal Service",0.6806
1983-06-01,"U.S. Postal Service",0.6803
1983-07-01,"U.S. Postal Service",0.6924
1983-08-01,"U.S. Postal Service",0.6832
1983-09-01,"U.S. Postal Service",0.6855
1983-10-01,"U.S. Postal Service",0.6902
1983-11-01,"U.S. Postal Service",0.6937
1983-12-01,"U.S. Postal Service",0.6886
1984-01-01,"U.S. Postal Service",0.6933
1984-02-01,"U.S. Postal Service",0.6954
1984-03-01,"U.S. Postal Service",0.697
1984-04-01,"U.S. Postal Service",0.6983
1984-05-01,"U.S. Postal Service",0.7011
1984-06-01,"U.S. Postal Service",0.7037
1984-07-01,"U.S. Postal Service",0.7068
1984-08-01,"U.S. Postal Service",0.7102
1984-09-01,"U.S. Postal Service",0.7127
1984-10-01,"U.S. Postal Service",0.7151
1984-11-01,"U.S. Postal Service",0.7182
1984-12-01,"U.S. Postal Service",0.7171
1985-01-01,"U.S. Postal Service",0.7201
1985-02-01,"U.S. Postal Service",0.7231
1985-03-01,"U.S. Postal Service",0.7243
1985-04-01,"U.S. Postal Service",0.7742
1985-05-01,"U.S. Postal Service",0.7369
1985-06-01,"U.S. Postal Service",0.7532
1985-07-01,"U.S. Postal Service",0.7572
1985-08-01,"U.S. Postal Service",0.756
1985-09-01,"U.S. Postal Service",0.7572
1985-10-01,"U.S. Postal Service",0.7602
1985-11-01,"U.S. Postal Service",0.7652
1985-12-01,"U.S. Postal Service",0.7689
1986-01-01,"U.S. Postal Service",0.7744
1986-02-01,"U.S. Postal Service",0.778
1986-03-01,"U.S. Postal Service",0.7836
1986-04-01,"U.S. Postal Service",0.7874
1986-05-01,"U.S. Postal Service",0.7894
1986-06-01,"U.S. Postal Service",0.7916
1986-07-01,"U.S. Postal Service",0.7949
1986-08-01,"U.S. Postal Service",0.7965
1986-09-01,"U.S. Postal Service",0.7983
1986-10-01,"U.S. Postal Service",0.8014
1986-11-01,"U.S. Postal Service",0.8038
1986-12-01,"U.S. Postal Service",0.8085
1987-01-01,"U.S. Postal Service",0.8082
1987-02-01,"U.S. Postal Service",0.8121
1987-03-01,"U.S. Postal Service",0.8144
1987-04-01,"U.S. Postal Service",0.8161
1987-05-01,"U.S. Postal Service",0.8168
1987-06-01,"U.S. Postal Service",0.8168
1987-07-01,"U.S. Postal Service",0.8115
1987-08-01,"U.S. Postal Service",0.8116
1987-09-01,"U.S. Postal Service",0.809
1987-10-01,"U.S. Postal Service",0.8155
1987-11-01,"U.S. Postal Service",0.8193
1987-12-01,"U.S. Postal Service",0.824
1988-01-01,"U.S. Postal Service",0.8232
1988-02-01,"U.S. Postal Service",0.8277
1988-03-01,"U.S. Postal Service",0.8297
1988-04-01,"U.S. Postal Service",0.8315
1988-05-01,"U.S. Postal Service",0.8317
1988-06-01,"U.S. Postal Service",0.8324
1988-07-01,"U.S. Postal Service",0.8339
1988-08-01,"U.S. Postal Service",0.8364
1988-09-01,"U.S. Postal Service",0.8384
1988-10-01,"U.S. Postal Service",0.8427
1988-11-01,"U.S. Postal Service",0.8451
1988-12-01,"U.S. Postal Service",0.8428
1989-01-01,"U.S. Postal Service",0.8466
1989-02-01,"U.S. Postal Service",0.8449
1989-03-01,"U.S. Postal Service",0.8452
1989-04-01,"U.S. Postal Service",0.8441
1989-05-01,"U.S. Postal Service",0.8431
1989-06-01,"U.S. Postal Service",0.8395
1989-07-01,"U.S. Postal Service",0.8374
1989-08-01,"U.S. Postal Service",0.837
1989-09-01,"U.S. Postal Service",0.8353
1989-10-01,"U.S. Postal Service",0.8325
1989-11-01,"U.S. Postal Service",0.8279
1989-12-01,"U.S. Postal Service",0.8239
1990-01-01,"U.S. Postal Service",0.8297
1990-02-01,"U.S. Postal Service",0.8293
1990-03-01,"U.S. Postal Service",0.8298
1990-04-01,"U.S. Postal Service",0.8295
1990-05-01,"U.S. Postal Service",0.8284
1990-06-01,"U.S. Postal Service",0.8273
1990-07-01,"U.S. Postal Service",0.8262
1990-08-01,"U.S. Postal Service",0.8259
1990-09-01,"U.S. Postal Service",0.8239
1990-10-01,"U.S. Postal Service",0.8231
1990-11-01,"U.S. Postal Service",0.8224
1990-12-01,"U.S. Postal Service",0.8121
1991-01-01,"U.S. Postal Service",0.822
1991-02-01,"U.S. Postal Service",0.8192
1991-03-01,"U.S. Postal Service",0.8181
1991-04-01,"U.S. Postal Service",0.8164
1991-05-01,"U.S. Postal Service",0.8171
1991-06-01,"U.S. Postal Service",0.8158
1991-07-01,"U.S. Postal Service",0.8146
1991-08-01,"U.S. Postal Service",0.8121
1991-09-01,"U.S. Postal Service",0.8114
1991-10-01,"U.S. Postal Service",0.8101
1991-11-01,"U.S. Postal Service",0.8074
1991-12-01,"U.S. Postal Service",0.8052
1992-01-01,"U.S. Postal Service",0.8222
1992-02-01,"U.S. Postal Service",0.8102
1992-03-01,"U.S. Postal Service",0.8096
1992-04-01,"U.S. Postal Service",0.8096
1992-05-01,"U.S. Postal Service",0.8065
1992-06-01,"U.S. Postal Service",0.8051
1992-07-01,"U.S. Postal Service",0.8065
1992-08-01,"U.S. Postal Service",0.8005
1992-09-01,"U.S. Postal Service",0.7981
1992-10-01,"U.S. Postal Service",0.778
1992-11-01,"U.S. Postal Service",0.7671
1992-12-01,"U.S. Postal Service",0.7914
1993-01-01,"U.S. Postal Service",0.7847
1993-02-01,"U.S. Postal Service",0.7825
1993-03-01,"U.S. Postal Service",0.7826
1993-04-01,"U.S. Postal Service",0.7806
1993-05-01,"U.S. Postal Service",0.783
1993-06-01,"U.S. Postal Service",0.7889
1993-07-01,"U.S. Postal Service",0.8002
1993-08-01,"U.S. Postal Service",0.8012
1993-09-01,"U.S. Postal Service",0.8034
1993-10-01,"U.S. Postal Service",0.7996
1993-11-01,"U.S. Postal Service",0.8009
1993-12-01,"U.S. Postal Service",0.8042
1994-01-01,"U.S. Postal Service",0.8049
1994-02-01,"U.S. Postal Service",0.8068
1994-03-01,"U.S. Postal Service",0.8077
1994-04-01,"U.S. Postal Service",0.8124
1994-05-01,"U.S. Postal Service",0.8148
1994-06-01,"U.S. Postal Service",0.8177
1994-07-01,"U.S. Postal Service",0.8208
1994-08-01,"U.S. Postal Service",0.8222
1994-09-01,"U.S. Postal Service",0.8263
1994-10-01,"U.S. Postal Service",0.8363
1994-11-01,"U.S. Postal Service",0.8311
1994-12-01,"U.S. Postal Service",0.834
1995-01-01,"U.S. Postal Service",0.8401
1995-02-01,"U.S. Postal Service",0.8419
1995-03-01,"U.S. Postal Service",0.8442
1995-04-01,"U.S. Postal Service",0.8436
1995-05-01,"U.S. Postal Service",0.8467
1995-06-01,"U.S. Postal Service",0.8489
1995-07-01,"U.S. Postal Service",0.8504
1995-08-01,"U.S. Postal Service",0.8508
1995-09-01,"U.S. Postal Service",0.8517
1995-10-01,"U.S. Postal Service",0.8569
1995-11-01,"U.S. Postal Service",0.8579
1995-12-01,"U.S. Postal Service",0.8526
1996-01-01,"U.S. Postal Service",0.8577
1996-02-01,"U.S. Postal Service",0.8611
1996-03-01,"U.S. Postal Service",0.8649
1996-04-01,"U.S. Postal Service",0.8706
1996-05-01,"U.S. Postal Service",0.8719
1996-06-01,"U.S. Postal Service",0.8697
1996-07-01,"U.S. Postal Service",0.868
1996-08-01,"U.S. Postal Service",0.869
1996-09-01,"U.S. Postal Service",0.8673
1996-10-01,"U.S. Postal Service",0.8663
1996-11-01,"U.S. Postal Service",0.8662
1996-12-01,"U.S. Postal Service",0.8663
1997-01-01,"U.S. Postal Service",0.8686
1997-02-01,"U.S. Postal Service",0.8692
1997-03-01,"U.S. Postal Service",0.8701
1997-04-01,"U.S. Postal Service",0.8494
1997-05-01,"U.S. Postal Service",0.8568
1997-06-01,"U.S. Postal Service",0.8559
1997-07-01,"U.S. Postal Service",0.8644
1997-08-01,"U.S. Postal Service",0.8675
1997-09-01,"U.S. Postal Service",0.8689
1997-10-01,"U.S. Postal Service",0.8684
1997-11-01,"U.S. Postal Service",0.8709
1997-12-01,"U.S. Postal Service",0.8729
1998-01-01,"U.S. Postal Service",0.8697
1998-02-01,"U.S. Postal Service",0.8697
1998-03-01,"U.S. Postal Service",0.87
1998-04-01,"U.S. Postal Service",0.871
1998-05-01,"U.S. Postal Service",0.8731
1998-06-01,"U.S. Postal Service",0.8789
1998-07-01,"U.S. Postal Service",0.8786
1998-08-01,"U.S. Postal Service",0.8812
1998-09-01,"U.S. Postal Service",0.8832
1998-10-01,"U.S. Postal Service",0.8891
1998-11-01,"U.S. Postal Service",0.8933
1998-12-01,"U.S. Postal Service",0.8985
1999-01-01,"U.S. Postal Service",0.8914
1999-02-01,"U.S. Postal Service",0.8902
1999-03-01,"U.S. Postal Service",0.8898
1999-04-01,"U.S. Postal Service",0.909
1999-05-01,"U.S. Postal Service",0.8905
1999-06-01,"U.S. Postal Service",0.8897
1999-07-01,"U.S. Postal Service",0.8907
1999-08-01,"U.S. Postal Service",0.8868
1999-09-01,"U.S. Postal Service",0.8847
1999-10-01,"U.S. Postal Service",0.8825
1999-11-01,"U.S. Postal Service",0.8848
1999-12-01,"U.S. Postal Service",0.89
2000-01-01,"U.S. Postal Service",0.8808
2000-02-01,"U.S. Postal Service",0.8808
2000-03-01,"U.S. Postal Service",0.8822
2000-04-01,"U.S. Postal Service",0.8844
2000-05-01,"U.S. Postal Service",0.8802
2000-06-01,"U.S. Postal Service",0.8783
2000-07-01,"U.S. Postal Service",0.8783
2000-08-01,"U.S. Postal Service",0.889
2000-09-01,"U.S. Postal Service",0.8774
2000-10-01,"U.S. Postal Service",0.8778
2000-11-01,"U.S. Postal Service",0.8788
2000-12-01,"U.S. Postal Service",0.8786
2001-01-01,"U.S. Postal Service",0.8796
2001-02-01,"U.S. Postal Service",0.8801
2001-03-01,"U.S. Postal Service",0.8774
2001-04-01,"U.S. Postal Service",0.8742
2001-05-01,"U.S. Postal Service",0.8738
2001-06-01,"U.S. Postal Service",0.8737
2001-07-01,"U.S. Postal Service",0.8727
2001-08-01,"U.S. Postal Service",0.8707
2001-09-01,"U.S. Postal Service",0.8732
2001-10-01,"U.S. Postal Service",0.8678
2001-11-01,"U.S. Postal Service",0.8664
2001-12-01,"U.S. Postal Service",0.8652
2002-01-01,"U.S. Postal Service",0.8626
2002-02-01,"U.S. Postal Service",0.8575
2002-03-01,"U.S. Postal Service",0.8546
2002-04-01,"U.S. Postal Service",0.8496
2002-05-01,"U.S. Postal Service",0.8563
2002-06-01,"U.S. Postal Service",0.8513
2002-07-01,"U.S. Postal Service",0.8357
2002-08-01,"U.S. Postal Service",0.8326
2002-09-01,"U.S. Postal Service",0.8292
2002-10-01,"U.S. Postal Service",0.8274
2002-11-01,"U.S. Postal Service",0.8239
2002-12-01,"U.S. Postal Service",0.8193
2003-01-01,"U.S. Postal Service",0.8217
2003-02-01,"U.S. Postal Service",0.819
2003-03-01,"U.S. Postal Service",0.817
2003-04-01,"U.S. Postal Service",0.8156
2003-05-01,"U.S. Postal Service",0.796
2003-06-01,"U.S. Postal Service",0.8116
2003-07-01,"U.S. Postal Service",0.8084
2003-08-01,"U.S. Postal Service",0.8049
2003-09-01,"U.S. Postal Service",0.8014
2003-10-01,"U.S. Postal Service",0.7982
2003-11-01,"U.S. Postal Service",0.7941
2003-12-01,"U.S. Postal Service",0.7987
2004-01-01,"U.S. Postal Service",0.7935
2004-02-01,"U.S. Postal Service",0.7925
2004-03-01,"U.S. Postal Service",0.7902
2004-04-01,"U.S. Postal Service",0.788
2004-05-01,"U.S. Postal Service",0.7838
2004-06-01,"U.S. Postal Service",0.7824
2004-07-01,"U.S. Postal Service",0.7809
2004-08-01,"U.S. Postal Service",0.7796
2004-09-01,"U.S. Postal Service",0.778
2004-10-01,"U.S. Postal Service",0.7769
2004-11-01,"U.S. Postal Service",0.7752
2004-12-01,"U.S. Postal Service",0.7764
2005-01-01,"U.S. Postal Service",0.7766
2005-02-01,"U.S. Postal Service",0.7749
2005-03-01,"U.S. Postal Service",0.7747
2005-04-01,"U.S. Postal Service",0.7697
2005-05-01,"U.S. Postal Service",0.7764
2005-06-01,"U.S. Postal Service",0.7764
2005-07-01,"U.S. Postal Service",0.7744
2005-08-01,"U.S. Postal Service",0.7753
2005-09-01,"U.S. Postal Service",0.7754
2005-10-01,"U.S. Postal Service",0.7745
2005-11-01,"U.S. Postal Service",0.7754
2005-12-01,"U.S. Postal Service",0.7752
2006-01-01,"U.S. Postal Service",0.7727
2006-02-01,"U.S. Postal Service",0.7741
2006-03-01,"U.S. Postal Service",0.7723
2006-04-01,"U.S. Postal Service",0.7712
2006-05-01,"U.S. Postal Service",0.7708
2006-06-01,"U.S. Postal Service",0.7715
2006-07-01,"U.S. Postal Service",0.7738
2006-08-01,"U.S. Postal Service",0.769
2006-09-01,"U.S. Postal Service",0.7688
2006-10-01,"U.S. Postal Service",0.7681
2006-11-01,"U.S. Postal Service",0.7673
2006-12-01,"U.S. Postal Service",0.7678
2007-01-01,"U.S. Postal Service",0.7666
2007-02-01,"U.S. Postal Service",0.7674
2007-03-01,"U.S. Postal Service",0.7657
2007-04-01,"U.S. Postal Service",0.7664
2007-05-01,"U.S. Postal Service",0.7705
2007-06-01,"U.S. Postal Service",0.769
2007-07-01,"U.S. Postal Service",0.7628
2007-08-01,"U.S. Postal Service",0.7707
2007-09-01,"U.S. Postal Service",0.7711
2007-10-01,"U.S. Postal Service",0.7686
2007-11-01,"U.S. Postal Service",0.7738
2007-12-01,"U.S. Postal Service",0.7817
2008-01-01,"U.S. Postal Service",0.7569
2008-02-01,"U.S. Postal Service",0.7605
2008-03-01,"U.S. Postal Service",0.7601
2008-04-01,"U.S. Postal Service",0.7583
2008-05-01,"U.S. Postal Service",0.7542
2008-06-01,"U.S. Postal Service",0.7512
2008-07-01,"U.S. Postal Service",0.7502
2008-08-01,"U.S. Postal Service",0.7426
2008-09-01,"U.S. Postal Service",0.7399
2008-10-01,"U.S. Postal Service",0.7373
2008-11-01,"U.S. Postal Service",0.7336
2008-12-01,"U.S. Postal Service",0.7257
2009-01-01,"U.S. Postal Service",0.7264
2009-02-01,"U.S. Postal Service",0.727
2009-03-01,"U.S. Postal Service",0.7215
2009-04-01,"U.S. Postal Service",0.7212
2009-05-01,"U.S. Postal Service",0.7084
2009-06-01,"U.S. Postal Service",0.7052
2009-07-01,"U.S. Postal Service",0.7063
2009-08-01,"U.S. Postal Service",0.6955
2009-09-01,"U.S. Postal Service",0.6891
2009-10-01,"U.S. Postal Service",0.6864
2009-11-01,"U.S. Postal Service",0.6827
2009-12-01,"U.S. Postal Service",0.661
2010-01-01,"U.S. Postal Service",0.6767
2010-02-01,"U.S. Postal Service",0.6678
2010-03-01,"U.S. Postal Service",0.6647
2010-04-01,"U.S. Postal Service",0.6605
2010-05-01,"U.S. Postal Service",0.6585
2010-06-01,"U.S. Postal Service",0.6588
2010-07-01,"U.S. Postal Service",0.6548
2010-08-01,"U.S. Postal Service",0.6563
2010-09-01,"U.S. Postal Service",0.655
2010-10-01,"U.S. Postal Service",0.6522
2010-11-01,"U.S. Postal Service",0.6509
2010-12-01,"U.S. Postal Service",0.6488
2011-01-01,"U.S. Postal Service",0.6452
2011-02-01,"U.S. Postal Service",0.6434
2011-03-01,"U.S. Postal Service",0.6398
2011-04-01,"U.S. Postal Service",0.6357
2011-05-01,"U.S. Postal Service",0.6354
2011-06-01,"U.S. Postal Service",0.6313
2011-07-01,"U.S. Postal Service",0.6352
2011-08-01,"U.S. Postal Service",0.6275
2011-09-01,"U.S. Postal Service",0.6225
2011-10-01,"U.S. Postal Service",0.6259
2011-11-01,"U.S. Postal Service",0.6206
2011-12-01,"U.S. Postal Service",0.6179
2012-01-01,"U.S. Postal Service",0.62
2012-02-01,"U.S. Postal Service",0.6169
2012-03-01,"U.S. Postal Service",0.6161
2012-04-01,"U.S. Postal Service",0.6159
2012-05-01,"U.S. Postal Service",0.614
2012-06-01,"U.S. Postal Service",0.6132
2012-07-01,"U.S. Postal Service",0.6125
2012-08-01,"U.S. Postal Service",0.6096
2012-09-01,"U.S. Postal Service",0.6054
2012-10-01,"U.S. Postal Service",0.6107
2012-11-01,"U.S. Postal Service",0.5997
2012-12-01,"U.S. Postal Service",0.5981
2013-01-01,"U.S. Postal Service",0.6046
2013-02-01,"U.S. Postal Service",0.6066
2013-03-01,"U.S. Postal Service",0.5907
2013-04-01,"U.S. Postal Service",0.6
2013-05-01,"U.S. Postal Service",0.5918
2013-06-01,"U.S. Postal Service",0.593
2013-07-01,"U.S. Postal Service",0.5925
2013-08-01,"U.S. Postal Service",0.5919
2013-09-01,"U.S. Postal Service",0.5933
2013-10-01,"U.S. Postal Service",0.592
2013-11-01,"U.S. Postal Service",0.5904
2013-12-01,"U.S. Postal Service",0.5913
2014-01-01,"U.S. Postal Service",0.5895
2014-02-01,"U.S. Postal Service",0.5899
2014-03-01,"U.S. Postal Service",0.5898
2014-04-01,"U.S. Postal Service",0.5907
2014-05-01,"U.S. Postal Service",0.5916
2014-06-01,"U.S. Postal Service",0.593
2014-07-01,"U.S. Postal Service",0.592
2014-08-01,"U.S. Postal Service",0.5928
2014-09-01,"U.S. Postal Service",0.5945
2014-10-01,"U.S. Postal Service",0.5926
2014-11-01,"U.S. Postal Service",0.5956
2014-12-01,"U.S. Postal Service",0.5956
2015-01-01,"U.S. Postal Service",0.5937
2015-02-01,"U.S. Postal Service",0.5948
2015-03-01,"U.S. Postal Service",0.594
2015-04-01,"U.S. Postal Service",0.5943
2015-05-01,"U.S. Postal Service",0.5941
2015-06-01,"U.S. Postal Service",0.5952
2015-07-01,"U.S. Postal Service",0.5961
2015-08-01,"U.S. Postal Service",0.5965
2015-09-01,"U.S. Postal Service",0.5964
2015-10-01,"U.S. Postal Service",0.5953
2015-11-01,"U.S. Postal Service",0.5993
2015-12-01,"U.S. Postal Service",0.6039
2016-01-01,"U.S. Postal Service",0.5991
2016-02-01,"U.S. Postal Service",0.6037
2016-03-01,"U.S. Postal Service",0.6056
2016-04-01,"U.S. Postal Service",0.5901
2016-05-01,"U.S. Postal Service",0.6088
2016-06-01,"U.S. Postal Service",0.6101
2016-07-01,"U.S. Postal Service",0.6108
2016-08-01,"U.S. Postal Service",0.6129
2016-09-01,"U.S. Postal Service",0.6145
2016-10-01,"U.S. Postal Service",0.6156
2016-11-01,"U.S. Postal Service",0.6177
2016-12-01,"U.S. Postal Service",0.6191
2017-01-01,"U.S. Postal Service",0.6175
2017-02-01,"U.S. Postal Service",0.6156
2017-03-01,"U.S. Postal Service",0.6163
2017-04-01,"U.S. Postal Service",0.6105
